return_id,order_row_id,product_id,return_date,return_reason,refund_amount,return_status,created_at
1,8115,OFF-AR-10004817,2018-10-23,Customer Changed Mind,18.58,Completed,2026-08-06 01:42:10.267403
2,2681,TEC-AC-10002049,2018-02-01,Other,557.96,Requested,2026-08-06 01:42:10.267403
3,7207,TEC-MA-10002930,2018-10-14,Wrong Item,332.24,Completed,2026-08-06 01:42:10.267403
4,1615,TEC-AC-10004855,2017-04-04,Wrong Item,75.58,Completed,2026-08-06 01:42:10.267403
5,4511,FUR-FU-10001085,2017-11-26,Other,33.57,Requested,2026-08-06 01:42:10.267403
6,9084,OFF-ST-10002554,2016-02-20,Damaged Product,132.06,Completed,2026-08-06 01:42:10.267403
7,7717,OFF-PA-10004041,2016-01-28,Wrong Item,26.64,Completed,2026-08-06 01:42:10.267403
8,2989,TEC-AC-10004227,2017-03-12,Wrong Item,11.69,Completed,2026-08-06 01:42:10.267403
9,4101,OFF-AP-10004655,2018-06-25,Customer Changed Mind,2.03,Requested,2026-08-06 01:42:10.267403
10,8237,FUR-CH-10002024,2018-05-18,Other,2523.53,Completed,2026-08-06 01:42:10.267403
11,9202,OFF-BI-10004584,2017-10-24,Late Delivery,284.38,Approved,2026-08-06 01:42:10.267403
12,8250,OFF-BI-10002854,2016-03-10,Damaged Product,10.09,Rejected,2026-08-06 01:42:10.267403
13,5323,FUR-FU-10003691,2018-10-30,Wrong Item,17.78,Completed,2026-08-06 01:42:10.267403
14,37,FUR-FU-10003664,2017-12-25,Wrong Item,171.83,Completed,2026-08-06 01:42:10.267403
15,7612,OFF-PA-10000791,2016-02-25,Late Delivery,8.59,Approved,2026-08-06 01:42:10.267403
16,2336,OFF-EN-10004030,2018-12-26,Defective Product,9.77,Completed,2026-08-06 01:42:10.267403
17,5534,TEC-AC-10003174,2017-06-20,Defective Product,291.03,Completed,2026-08-06 01:42:10.267403
18,3433,OFF-PA-10003651,2018-12-21,Wrong Item,54.11,Completed,2026-08-06 01:42:10.267403
19,7387,OFF-ST-10004340,2017-09-30,Wrong Item,335.77,Completed,2026-08-06 01:42:10.267403
20,8790,FUR-BO-10000468,2018-07-05,Damaged Product,69.96,Rejected,2026-08-06 01:42:10.267403
21,8383,FUR-CH-10001270,2017-02-21,Wrong Item,217.35,Completed,2026-08-06 01:42:10.267403
22,6162,OFF-LA-10000443,2015-04-05,Damaged Product,10.63,Approved,2026-08-06 01:42:10.267403
23,1650,TEC-PH-10003357,2016-10-01,Damaged Product,41.3,Rejected,2026-08-06 01:42:10.267403
24,7381,OFF-LA-10004559,2017-09-24,Wrong Item,12.96,Requested,2026-08-06 01:42:10.267403
25,1216,OFF-AR-10003602,2018-09-30,Late Delivery,4.2,Completed,2026-08-06 01:42:10.267403
26,2520,OFF-LA-10003223,2017-11-09,Damaged Product,26.51,Rejected,2026-08-06 01:42:10.267403
27,3920,OFF-ST-10001321,2016-12-26,Defective Product,55.51,Rejected,2026-08-06 01:42:10.267403
28,5281,OFF-ST-10001837,2018-10-18,Wrong Item,76.97,Requested,2026-08-06 01:42:10.267403
29,7583,FUR-CH-10003968,2016-04-29,Other,114.98,Completed,2026-08-06 01:42:10.267403
30,3489,FUR-CH-10004086,2016-07-21,Customer Changed Mind,367.58,Completed,2026-08-06 01:42:10.267403
31,7810,TEC-PH-10004080,2017-01-23,Late Delivery,97.9,Rejected,2026-08-06 01:42:10.267403
32,9762,TEC-AC-10000736,2015-03-03,Damaged Product,215.97,Approved,2026-08-06 01:42:10.267403
33,201,OFF-PA-10002666,2018-06-30,Customer Changed Mind,19.57,Requested,2026-08-06 01:42:10.267403
34,9610,FUR-FU-10002116,2017-05-31,Late Delivery,254.56,Rejected,2026-08-06 01:42:10.267403
35,8202,OFF-ST-10000885,2016-11-15,Damaged Product,60.44,Approved,2026-08-06 01:42:10.267403
36,5620,TEC-AC-10001908,2017-10-20,Late Delivery,449.96,Rejected,2026-08-06 01:42:10.267403
37,9499,OFF-PA-10000565,2018-12-04,Wrong Item,151.15,Completed,2026-08-06 01:42:10.267403
38,2271,OFF-AR-10004344,2018-12-28,Customer Changed Mind,43.16,Requested,2026-08-06 01:42:10.267403
39,9226,OFF-BI-10004040,2018-11-10,Late Delivery,3.73,Completed,2026-08-06 01:42:10.267403
40,5326,FUR-FU-10004270,2016-12-10,Late Delivery,22.57,Completed,2026-08-06 01:42:10.267403
41,3497,FUR-TA-10001932,2017-09-04,Other,461.72,Completed,2026-08-06 01:42:10.267403
42,3812,FUR-CH-10004477,2016-11-29,Defective Product,131.53,Approved,2026-08-06 01:42:10.267403
43,7840,OFF-EN-10001509,2015-04-17,Late Delivery,5.51,Rejected,2026-08-06 01:42:10.267403
44,4057,FUR-TA-10004147,2015-10-11,Wrong Item,60.46,Completed,2026-08-06 01:42:10.267403
45,6067,OFF-SU-10000898,2016-02-08,Wrong Item,80.06,Completed,2026-08-06 01:42:10.267403
46,7592,FUR-CH-10001146,2017-09-27,Defective Product,64.13,Approved,2026-08-06 01:42:10.267403
47,358,OFF-PA-10002713,2017-04-21,Late Delivery,30.96,Completed,2026-08-06 01:42:10.267403
48,3348,OFF-AR-10003156,2016-09-10,Damaged Product,45.72,Completed,2026-08-06 01:42:10.267403
49,2446,TEC-PH-10001336,2017-06-17,Late Delivery,232.18,Completed,2026-08-06 01:42:10.267403
50,2139,OFF-PA-10004092,2018-12-05,Customer Changed Mind,132.14,Completed,2026-08-06 01:42:10.267403
51,5751,FUR-TA-10001539,2015-06-05,Customer Changed Mind,319.91,Requested,2026-08-06 01:42:10.267403
52,8741,OFF-AR-10004456,2017-08-14,Other,65.88,Requested,2026-08-06 01:42:10.267403
53,4696,FUR-CH-10003846,2017-01-12,Late Delivery,272.65,Completed,2026-08-06 01:42:10.267403
54,8986,FUR-FU-10000222,2016-12-19,Late Delivery,70.16,Completed,2026-08-06 01:42:10.267403
55,9038,OFF-ST-10002214,2016-04-25,Defective Product,20.32,Completed,2026-08-06 01:42:10.267403
56,7164,OFF-EN-10004773,2015-05-11,Damaged Product,223.06,Completed,2026-08-06 01:42:10.267403
57,8104,OFF-ST-10002406,2016-05-31,Late Delivery,94.31,Completed,2026-08-06 01:42:10.267403
58,9604,FUR-TA-10003715,2017-06-26,Late Delivery,339.18,Completed,2026-08-06 01:42:10.267403
59,6778,TEC-AC-10002800,2018-02-05,Late Delivery,404.92,Completed,2026-08-06 01:42:10.267403
60,2733,TEC-PH-10002923,2015-07-15,Customer Changed Mind,66.58,Completed,2026-08-06 01:42:10.267403
61,9492,OFF-AR-10000817,2018-01-25,Damaged Product,8.21,Approved,2026-08-06 01:42:10.267403
62,601,TEC-PH-10003963,2017-07-22,Wrong Item,444.94,Requested,2026-08-06 01:42:10.267403
63,1126,OFF-EN-10001539,2015-01-26,Late Delivery,21.01,Completed,2026-08-06 01:42:10.267403
64,3596,OFF-AR-10004757,2019-01-04,Defective Product,2.36,Completed,2026-08-06 01:42:10.267403
65,8217,OFF-BI-10001982,2016-10-17,Customer Changed Mind,2.93,Completed,2026-08-06 01:42:10.267403
66,6616,FUR-BO-10004218,2017-07-08,Late Delivery,215.7,Completed,2026-08-06 01:42:10.267403
67,6675,OFF-AR-10003759,2016-11-26,Customer Changed Mind,9.83,Completed,2026-08-06 01:42:10.267403
68,6440,FUR-CH-10003298,2015-10-24,Defective Product,530.47,Rejected,2026-08-06 01:42:10.267403
69,5308,TEC-PH-10002583,2017-03-06,Late Delivery,35.98,Completed,2026-08-06 01:42:10.267403
70,4091,OFF-SU-10001574,2017-04-22,Other,9.86,Requested,2026-08-06 01:42:10.267403
71,3672,OFF-ST-10001031,2016-01-04,Damaged Product,35.16,Approved,2026-08-06 01:42:10.267403
72,2474,FUR-CH-10001190,2017-12-02,Defective Product,195.82,Completed,2026-08-06 01:42:10.267403
73,7293,TEC-MA-10001856,2018-12-27,Customer Changed Mind,584.1,Completed,2026-08-06 01:42:10.267403
74,9215,OFF-LA-10004677,2018-10-20,Other,18.59,Completed,2026-08-06 01:42:10.267403
75,526,OFF-FA-10002815,2017-01-01,Late Delivery,19.98,Completed,2026-08-06 01:42:10.267403
76,8482,OFF-AR-10001860,2017-06-05,Late Delivery,14.99,Approved,2026-08-06 01:42:10.267403
77,35,OFF-PA-10000249,2018-11-03,Other,26.52,Completed,2026-08-06 01:42:10.267403
78,3270,TEC-AC-10003709,2015-08-09,Damaged Product,2.67,Rejected,2026-08-06 01:42:10.267403
79,9279,OFF-BI-10001759,2018-12-10,Customer Changed Mind,7.2,Completed,2026-08-06 01:42:10.267403
80,8906,TEC-AC-10001635,2017-07-12,Defective Product,27.76,Completed,2026-08-06 01:42:10.267403
81,2410,FUR-FU-10000758,2018-04-07,Late Delivery,190.66,Rejected,2026-08-06 01:42:10.267403
82,8039,FUR-BO-10003966,2018-07-19,Other,392.4,Completed,2026-08-06 01:42:10.267403
83,2076,FUR-FU-10001861,2015-12-07,Damaged Product,52.38,Completed,2026-08-06 01:42:10.267403
84,7658,FUR-FU-10004091,2015-04-28,Defective Product,168.98,Completed,2026-08-06 01:42:10.267403
85,709,FUR-BO-10003272,2015-12-16,Wrong Item,795.53,Completed,2026-08-06 01:42:10.267403
86,5536,OFF-BI-10001721,2017-06-22,Late Delivery,57.73,Completed,2026-08-06 01:42:10.267403
87,348,OFF-PA-10000249,2018-08-05,Damaged Product,22.1,Completed,2026-08-06 01:42:10.267403
88,7196,FUR-FU-10004848,2017-12-09,Defective Product,17.59,Completed,2026-08-06 01:42:10.267403
89,8350,FUR-FU-10001025,2016-05-05,Late Delivery,21.87,Rejected,2026-08-06 01:42:10.267403
90,6715,TEC-AC-10004510,2019-01-03,Wrong Item,35.33,Completed,2026-08-06 01:42:10.267403
91,4950,FUR-FU-10000732,2018-12-02,Damaged Product,16.96,Rejected,2026-08-06 01:42:10.267403
92,9533,FUR-CH-10000553,2017-11-09,Other,384.88,Completed,2026-08-06 01:42:10.267403
93,416,FUR-CH-10001891,2018-11-24,Defective Product,276.43,Completed,2026-08-06 01:42:10.267403
94,2324,OFF-BI-10003707,2017-01-29,Defective Product,68.67,Completed,2026-08-06 01:42:10.267403
95,1149,OFF-BI-10003350,2016-05-03,Customer Changed Mind,11.48,Completed,2026-08-06 01:42:10.267403
96,7130,TEC-AC-10004209,2017-04-26,Defective Product,31.65,Rejected,2026-08-06 01:42:10.267403
97,5195,OFF-AR-10004757,2015-12-23,Other,11.81,Completed,2026-08-06 01:42:10.267403
98,7330,OFF-ST-10000078,2015-03-28,Late Delivery,1670.57,Rejected,2026-08-06 01:42:10.267403
99,2741,TEC-AC-10004227,2018-05-07,Other,23.38,Requested,2026-08-06 01:42:10.267403
100,7544,TEC-PH-10004833,2018-12-26,Defective Product,51.62,Completed,2026-08-06 01:42:10.267403
101,6502,TEC-PH-10001299,2015-11-09,Late Delivery,485.96,Approved,2026-08-06 01:42:10.267403
102,8136,OFF-LA-10002762,2016-03-03,Damaged Product,78.94,Completed,2026-08-06 01:42:10.267403
103,2105,TEC-AC-10001266,2018-04-03,Other,23.4,Completed,2026-08-06 01:42:10.267403
104,7845,FUR-TA-10001676,2018-08-15,Customer Changed Mind,111.96,Completed,2026-08-06 01:42:10.267403
105,4020,OFF-AP-10001492,2016-09-17,Damaged Product,23.27,Rejected,2026-08-06 01:42:10.267403
106,3096,OFF-FA-10003021,2016-09-18,Damaged Product,10.83,Completed,2026-08-06 01:42:10.267403
107,5068,OFF-AR-10003504,2018-02-07,Late Delivery,19.26,Completed,2026-08-06 01:42:10.267403
108,7970,FUR-CH-10004853,2017-11-04,Defective Product,108.7,Rejected,2026-08-06 01:42:10.267403
109,1584,FUR-FU-10002157,2016-08-23,Damaged Product,42.34,Completed,2026-08-06 01:42:10.267403
110,520,TEC-AC-10000171,2016-04-16,Late Delivery,16.55,Rejected,2026-08-06 01:42:10.267403
111,5162,FUR-BO-10002916,2015-08-16,Defective Product,1231.06,Approved,2026-08-06 01:42:10.267403
112,5074,OFF-ST-10000649,2016-12-04,Late Delivery,56.52,Completed,2026-08-06 01:42:10.267403
113,3757,FUR-CH-10004983,2017-03-15,Wrong Item,507.09,Completed,2026-08-06 01:42:10.267403
114,4821,OFF-AP-10002651,2016-05-03,Customer Changed Mind,416.93,Requested,2026-08-06 01:42:10.267403
115,6759,OFF-ST-10000934,2018-09-29,Customer Changed Mind,73.76,Completed,2026-08-06 01:42:10.267403
116,3717,OFF-FA-10004395,2018-06-20,Customer Changed Mind,21.2,Completed,2026-08-06 01:42:10.267403
117,7934,OFF-EN-10003134,2018-08-31,Defective Product,21.02,Completed,2026-08-06 01:42:10.267403
118,4591,OFF-SU-10000952,2018-01-16,Wrong Item,15.98,Requested,2026-08-06 01:42:10.267403
119,7690,OFF-AP-10002191,2018-08-04,Late Delivery,161.95,Rejected,2026-08-06 01:42:10.267403
120,2665,FUR-TA-10004534,2017-05-21,Wrong Item,333.56,Completed,2026-08-06 01:42:10.267403
121,2021,OFF-ST-10001490,2017-10-15,Other,1445.61,Requested,2026-08-06 01:42:10.267403
122,7304,FUR-CH-10003817,2018-09-13,Defective Product,87.46,Completed,2026-08-06 01:42:10.267403
123,3161,OFF-BI-10004040,2015-09-28,Other,4.66,Requested,2026-08-06 01:42:10.267403
124,4256,OFF-BI-10000778,2018-10-24,Defective Product,87.1,Completed,2026-08-06 01:42:10.267403
125,8421,TEC-AC-10004171,2018-06-04,Customer Changed Mind,179.98,Requested,2026-08-06 01:42:10.267403
126,6903,OFF-FA-10002280,2018-09-10,Customer Changed Mind,14.4,Completed,2026-08-06 01:42:10.267403
127,7252,OFF-LA-10002473,2017-09-03,Late Delivery,8.3,Approved,2026-08-06 01:42:10.267403
128,7026,TEC-PH-10002538,2018-02-12,Damaged Product,204.71,Completed,2026-08-06 01:42:10.267403
129,1966,OFF-AP-10003281,2018-10-01,Late Delivery,21.76,Completed,2026-08-06 01:42:10.267403
130,1640,OFF-BI-10004728,2017-06-15,Defective Product,8.68,Rejected,2026-08-06 01:42:10.267403
131,4456,FUR-CH-10002372,2016-09-14,Late Delivery,116.61,Completed,2026-08-06 01:42:10.267403
132,7217,OFF-AR-10001246,2016-05-25,Other,7.94,Completed,2026-08-06 01:42:10.267403
133,407,TEC-CO-10004115,2018-12-20,Other,1079.98,Completed,2026-08-06 01:42:10.267403
134,1962,TEC-AC-10002217,2018-09-27,Damaged Product,101.52,Approved,2026-08-06 01:42:10.267403
135,8463,OFF-LA-10001982,2016-09-21,Customer Changed Mind,6.75,Completed,2026-08-06 01:42:10.267403
136,5481,TEC-PH-10001336,2018-10-19,Customer Changed Mind,92.87,Requested,2026-08-06 01:42:10.267403
137,8557,OFF-ST-10002182,2016-04-03,Wrong Item,135.37,Completed,2026-08-06 01:42:10.267403
138,362,OFF-LA-10001158,2018-10-12,Defective Product,18.63,Approved,2026-08-06 01:42:10.267403
139,4244,OFF-PA-10001776,2017-04-28,Defective Product,25.03,Completed,2026-08-06 01:42:10.267403
140,1816,OFF-LA-10000443,2016-06-25,Late Delivery,6.64,Completed,2026-08-06 01:42:10.267403
141,4103,OFF-PA-10000740,2018-06-27,Other,131.56,Completed,2026-08-06 01:42:10.267403
142,5570,OFF-PA-10001934,2018-04-07,Defective Product,14.0,Rejected,2026-08-06 01:42:10.267403
143,5746,FUR-FU-10003829,2018-04-23,Late Delivery,19.4,Completed,2026-08-06 01:42:10.267403
144,8676,OFF-AR-10004078,2018-02-22,Damaged Product,25.23,Completed,2026-08-06 01:42:10.267403
145,3730,OFF-ST-10004950,2016-09-28,Late Delivery,37.76,Rejected,2026-08-06 01:42:10.267403
146,1716,OFF-BI-10003314,2017-05-21,Damaged Product,6.94,Completed,2026-08-06 01:42:10.267403
147,4544,FUR-CH-10004477,2016-08-05,Defective Product,345.25,Completed,2026-08-06 01:42:10.267403
148,7403,OFF-SU-10002573,2018-08-14,Other,63.11,Completed,2026-08-06 01:42:10.267403
149,9574,OFF-AR-10003504,2016-10-23,Late Delivery,15.41,Completed,2026-08-06 01:42:10.267403
150,7793,TEC-AC-10001383,2018-11-04,Other,35.98,Completed,2026-08-06 01:42:10.267403
151,8109,FUR-CH-10003396,2018-12-22,Customer Changed Mind,193.99,Completed,2026-08-06 01:42:10.267403
152,8198,OFF-AR-10001897,2018-10-03,Defective Product,64.76,Completed,2026-08-06 01:42:10.267403
153,4693,OFF-PA-10000357,2016-01-12,Wrong Item,199.73,Completed,2026-08-06 01:42:10.267403
154,1483,OFF-AR-10003560,2018-09-07,Wrong Item,8.76,Completed,2026-08-06 01:42:10.267403
155,121,OFF-BI-10003910,2017-07-08,Wrong Item,27.76,Requested,2026-08-06 01:42:10.267403
156,4487,OFF-PA-10004359,2017-11-20,Other,283.1,Completed,2026-08-06 01:42:10.267403
157,559,OFF-PA-10003441,2017-06-24,Wrong Item,29.16,Completed,2026-08-06 01:42:10.267403
158,7357,OFF-AR-10001315,2017-10-21,Wrong Item,1.27,Completed,2026-08-06 01:42:10.267403
159,3260,OFF-BI-10000285,2017-11-28,Defective Product,2.83,Rejected,2026-08-06 01:42:10.267403
160,4558,OFF-BI-10003984,2018-11-03,Late Delivery,7.7,Completed,2026-08-06 01:42:10.267403
161,9052,OFF-AR-10004272,2015-04-02,Late Delivery,3.02,Approved,2026-08-06 01:42:10.267403
162,906,OFF-PA-10000019,2017-04-19,Damaged Product,11.66,Completed,2026-08-06 01:42:10.267403
163,1226,OFF-PA-10001685,2017-12-10,Defective Product,36.5,Completed,2026-08-06 01:42:10.267403
164,1112,OFF-PA-10004735,2017-12-06,Defective Product,9.33,Approved,2026-08-06 01:42:10.267403
165,3169,FUR-CH-10003833,2017-06-21,Wrong Item,351.24,Completed,2026-08-06 01:42:10.267403
166,2100,TEC-AC-10002926,2018-09-12,Damaged Product,251.95,Rejected,2026-08-06 01:42:10.267403
167,4835,OFF-BI-10002571,2018-10-20,Other,35.93,Completed,2026-08-06 01:42:10.267403
168,6838,OFF-AR-10003732,2016-07-24,Late Delivery,10.01,Completed,2026-08-06 01:42:10.267403
169,1411,OFF-LA-10003923,2018-11-20,Wrong Item,21.31,Requested,2026-08-06 01:42:10.267403
170,4971,FUR-CH-10000513,2017-12-02,Customer Changed Mind,187.18,Requested,2026-08-06 01:42:10.267403
171,549,OFF-ST-10000604,2016-12-14,Customer Changed Mind,225.24,Completed,2026-08-06 01:42:10.267403
172,4281,OFF-PA-10004470,2015-11-25,Customer Changed Mind,10.22,Requested,2026-08-06 01:42:10.267403
173,744,OFF-PA-10002615,2017-09-20,Damaged Product,3.18,Completed,2026-08-06 01:42:10.267403
174,107,TEC-AC-10003499,2018-12-05,Other,66.7,Completed,2026-08-06 01:42:10.267403
175,1545,OFF-PA-10000350,2015-03-01,Customer Changed Mind,30.82,Completed,2026-08-06 01:42:10.267403
176,9187,OFF-AP-10002534,2018-08-24,Wrong Item,1325.79,Completed,2026-08-06 01:42:10.267403
177,58,FUR-CH-10003968,2017-06-30,Late Delivery,287.47,Completed,2026-08-06 01:42:10.267403
178,9134,TEC-PH-10004447,2016-09-14,Defective Product,500.36,Completed,2026-08-06 01:42:10.267403
179,2248,OFF-PA-10004285,2016-03-14,Late Delivery,12.02,Completed,2026-08-06 01:42:10.267403
180,1171,OFF-ST-10002352,2019-01-03,Wrong Item,28.73,Requested,2026-08-06 01:42:10.267403
181,8103,TEC-MA-10004002,2016-05-30,Customer Changed Mind,2675.99,Completed,2026-08-06 01:42:10.267403
182,7889,OFF-PA-10000019,2017-09-04,Other,29.16,Completed,2026-08-06 01:42:10.267403
183,6535,OFF-BI-10001359,2015-12-02,Wrong Item,1937.5,Completed,2026-08-06 01:42:10.267403
184,1184,TEC-PH-10003655,2018-01-28,Defective Product,7.13,Completed,2026-08-06 01:42:10.267403
185,7272,OFF-AP-10002287,2017-10-13,Damaged Product,15.73,Approved,2026-08-06 01:42:10.267403
186,9139,TEC-PH-10002890,2015-02-21,Wrong Item,162.86,Completed,2026-08-06 01:42:10.267403
187,5921,TEC-AC-10003033,2016-10-13,Other,593.91,Requested,2026-08-06 01:42:10.267403
188,4162,OFF-ST-10002214,2018-05-31,Late Delivery,20.32,Approved,2026-08-06 01:42:10.267403
189,5086,OFF-BI-10001107,2016-07-05,Late Delivery,5.21,Completed,2026-08-06 01:42:10.267403
190,8224,OFF-PA-10000241,2017-07-11,Late Delivery,167.29,Completed,2026-08-06 01:42:10.267403
191,6424,FUR-CH-10003956,2016-11-22,Late Delivery,408.84,Completed,2026-08-06 01:42:10.267403
192,664,OFF-ST-10001522,2017-04-14,Late Delivery,413.96,Completed,2026-08-06 01:42:10.267403
193,8899,TEC-PH-10003601,2016-09-05,Wrong Item,445.47,Completed,2026-08-06 01:42:10.267403
194,8660,OFF-PA-10002246,2017-09-18,Defective Product,27.86,Rejected,2026-08-06 01:42:10.267403
195,1784,OFF-PA-10004475,2018-10-06,Defective Product,197.86,Completed,2026-08-06 01:42:10.267403
196,1564,OFF-PA-10004000,2016-11-28,Late Delivery,10.22,Completed,2026-08-06 01:42:10.267403
197,7616,OFF-BI-10000201,2015-12-21,Defective Product,5.98,Completed,2026-08-06 01:42:10.267403
198,2393,FUR-FU-10002878,2016-12-29,Other,102.53,Completed,2026-08-06 01:42:10.267403
199,5850,OFF-ST-10000078,2016-11-15,Damaged Product,715.96,Rejected,2026-08-06 01:42:10.267403
200,8763,OFF-ST-10003722,2018-01-16,Customer Changed Mind,12.63,Completed,2026-08-06 01:42:10.267403
201,2626,OFF-EN-10002500,2018-10-28,Late Delivery,57.51,Completed,2026-08-06 01:42:10.267403
202,9744,OFF-LA-10001641,2017-07-10,Damaged Product,8.51,Completed,2026-08-06 01:42:10.267403
203,6370,FUR-FU-10001756,2017-10-28,Late Delivery,34.27,Rejected,2026-08-06 01:42:10.267403
204,5062,OFF-BI-10003684,2016-05-25,Late Delivery,39.58,Approved,2026-08-06 01:42:10.267403
205,2476,OFF-LA-10004545,2017-11-09,Late Delivery,78.94,Completed,2026-08-06 01:42:10.267403
206,8234,OFF-ST-10002301,2015-10-06,Defective Product,36.61,Completed,2026-08-06 01:42:10.267403
207,2767,OFF-AP-10000159,2018-02-06,Wrong Item,30.94,Completed,2026-08-06 01:42:10.267403
208,5960,FUR-CH-10003746,2017-03-27,Defective Product,693.32,Rejected,2026-08-06 01:42:10.267403
209,9298,TEC-PH-10003357,2016-05-16,Late Delivery,220.29,Completed,2026-08-06 01:42:10.267403
210,3895,OFF-BI-10002571,2015-12-17,Wrong Item,8.98,Completed,2026-08-06 01:42:10.267403
211,1994,OFF-AR-10002257,2018-07-19,Defective Product,4.81,Completed,2026-08-06 01:42:10.267403
212,9472,OFF-BI-10002706,2018-12-02,Late Delivery,10.28,Approved,2026-08-06 01:42:10.267403
213,6213,OFF-FA-10003495,2018-11-30,Customer Changed Mind,16.42,Completed,2026-08-06 01:42:10.267403
214,3160,TEC-AC-10001314,2017-04-10,Late Delivery,107.98,Rejected,2026-08-06 01:42:10.267403
215,7844,OFF-PA-10001569,2015-05-13,Defective Product,64.15,Completed,2026-08-06 01:42:10.267403
216,7656,OFF-PA-10003848,2016-12-11,Damaged Product,23.33,Completed,2026-08-06 01:42:10.267403
217,6188,OFF-BI-10003963,2016-12-03,Defective Product,31.45,Completed,2026-08-06 01:42:10.267403
218,6304,OFF-PA-10000167,2018-06-27,Late Delivery,66.92,Completed,2026-08-06 01:42:10.267403
219,4160,OFF-AR-10003056,2017-05-01,Defective Product,11.56,Rejected,2026-08-06 01:42:10.267403
220,1429,OFF-BI-10003708,2016-11-09,Wrong Item,26.82,Completed,2026-08-06 01:42:10.267403
221,5858,FUR-FU-10002364,2016-08-18,Defective Product,13.28,Completed,2026-08-06 01:42:10.267403
222,7738,OFF-AR-10001315,2019-01-05,Late Delivery,11.4,Completed,2026-08-06 01:42:10.267403
223,5767,OFF-LA-10004545,2017-10-30,Wrong Item,54.13,Completed,2026-08-06 01:42:10.267403
224,2117,FUR-TA-10001307,2016-11-03,Other,188.7,Completed,2026-08-06 01:42:10.267403
225,269,OFF-ST-10004180,2019-01-02,Other,33.49,Completed,2026-08-06 01:42:10.267403
226,3897,OFF-FA-10000611,2019-01-03,Customer Changed Mind,3.2,Completed,2026-08-06 01:42:10.267403
227,5035,FUR-BO-10004690,2016-08-24,Wrong Item,618.66,Completed,2026-08-06 01:42:10.267403
228,8444,OFF-BI-10002982,2017-03-30,Defective Product,1.84,Completed,2026-08-06 01:42:10.267403
229,4393,OFF-AR-10001953,2017-10-01,Wrong Item,63.33,Completed,2026-08-06 01:42:10.267403
230,6223,FUR-FU-10000087,2019-01-20,Wrong Item,65.43,Completed,2026-08-06 01:42:10.267403
231,4695,OFF-BI-10000320,2017-01-11,Customer Changed Mind,26.57,Completed,2026-08-06 01:42:10.267403
232,7946,OFF-BI-10001597,2019-01-20,Defective Product,36.88,Completed,2026-08-06 01:42:10.267403
233,1264,TEC-PH-10000215,2017-10-20,Late Delivery,62.91,Completed,2026-08-06 01:42:10.267403
234,7641,OFF-PA-10002764,2018-03-23,Customer Changed Mind,61.24,Requested,2026-08-06 01:42:10.267403
235,401,OFF-ST-10000934,2017-09-14,Other,118.03,Requested,2026-08-06 01:42:10.267403
236,8159,OFF-PA-10004285,2019-01-09,Other,14.43,Completed,2026-08-06 01:42:10.267403
237,4227,OFF-FA-10004854,2018-11-18,Customer Changed Mind,41.33,Completed,2026-08-06 01:42:10.267403
238,7311,OFF-BI-10004632,2016-08-26,Customer Changed Mind,58.28,Requested,2026-08-06 01:42:10.267403
239,438,OFF-PA-10001970,2017-06-30,Damaged Product,282.14,Completed,2026-08-06 01:42:10.267403
240,9313,OFF-AR-10000588,2018-03-24,Wrong Item,57.14,Completed,2026-08-06 01:42:10.267403
241,5095,FUR-TA-10004086,2015-12-31,Wrong Item,193.46,Completed,2026-08-06 01:42:10.267403
242,8197,TEC-AC-10004568,2018-10-02,Wrong Item,80.61,Completed,2026-08-06 01:42:10.267403
243,5009,OFF-BI-10004781,2016-09-21,Other,8.57,Completed,2026-08-06 01:42:10.267403
244,4400,OFF-EN-10003055,2017-03-22,Defective Product,179.91,Rejected,2026-08-06 01:42:10.267403
245,6589,OFF-BI-10003355,2018-08-09,Wrong Item,13.45,Completed,2026-08-06 01:42:10.267403
246,2344,OFF-ST-10004804,2015-08-19,Late Delivery,111.2,Completed,2026-08-06 01:42:10.267403
247,3412,OFF-BI-10003656,2017-10-07,Late Delivery,244.78,Approved,2026-08-06 01:42:10.267403
248,2999,TEC-AC-10003628,2015-07-20,Other,86.37,Completed,2026-08-06 01:42:10.267403
249,7638,OFF-AR-10001615,2018-03-20,Damaged Product,53.57,Completed,2026-08-06 01:42:10.267403
250,3141,OFF-AP-10002311,2016-05-16,Customer Changed Mind,185.79,Requested,2026-08-06 01:42:10.267403
251,8311,FUR-TA-10001866,2015-03-17,Wrong Item,338.86,Requested,2026-08-06 01:42:10.267403
252,9291,OFF-AR-10002375,2015-10-14,Customer Changed Mind,8.86,Requested,2026-08-06 01:42:10.267403
253,589,TEC-PH-10003800,2017-04-08,Wrong Item,76.3,Completed,2026-08-06 01:42:10.267403
254,6398,OFF-AR-10003651,2018-11-28,Defective Product,4.73,Completed,2026-08-06 01:42:10.267403
255,4899,OFF-PA-10002230,2015-11-13,Customer Changed Mind,7.17,Completed,2026-08-06 01:42:10.267403
256,5470,OFF-PA-10004888,2015-10-21,Late Delivery,17.5,Rejected,2026-08-06 01:42:10.267403
257,1509,OFF-BI-10004965,2018-12-24,Customer Changed Mind,31.05,Completed,2026-08-06 01:42:10.267403
258,1899,OFF-BI-10004390,2015-09-27,Customer Changed Mind,454.66,Completed,2026-08-06 01:42:10.267403
259,734,TEC-AC-10003610,2018-02-04,Defective Product,161.97,Completed,2026-08-06 01:42:10.267403
260,450,OFF-AR-10001953,2017-04-06,Damaged Product,237.49,Rejected,2026-08-06 01:42:10.267403
261,5061,OFF-ST-10000060,2017-12-21,Customer Changed Mind,526.34,Requested,2026-08-06 01:42:10.267403
262,8630,FUR-TA-10003569,2016-09-17,Defective Product,433.06,Rejected,2026-08-06 01:42:10.267403
263,5360,OFF-AR-10004602,2015-08-20,Defective Product,41.38,Rejected,2026-08-06 01:42:10.267403
264,2108,OFF-PA-10000157,2016-11-13,Defective Product,17.98,Completed,2026-08-06 01:42:10.267403
265,8503,FUR-CH-10003396,2016-03-09,Wrong Item,166.28,Completed,2026-08-06 01:42:10.267403
266,1430,OFF-LA-10003510,2016-11-10,Defective Product,384.68,Rejected,2026-08-06 01:42:10.267403
267,8355,OFF-BI-10002133,2018-05-13,Customer Changed Mind,57.78,Completed,2026-08-06 01:42:10.267403
268,2781,OFF-LA-10004544,2018-05-17,Customer Changed Mind,53.28,Requested,2026-08-06 01:42:10.267403
269,4838,OFF-BI-10003429,2018-06-19,Defective Product,3.42,Completed,2026-08-06 01:42:10.267403
270,1359,FUR-FU-10000010,2018-05-10,Customer Changed Mind,1.79,Completed,2026-08-06 01:42:10.267403
271,3220,OFF-PA-10001295,2016-10-27,Late Delivery,85.37,Rejected,2026-08-06 01:42:10.267403
272,2073,OFF-BI-10002954,2017-12-24,Customer Changed Mind,6.58,Completed,2026-08-06 01:42:10.267403
273,7247,OFF-LA-10000305,2015-03-30,Other,13.61,Completed,2026-08-06 01:42:10.267403
274,5820,OFF-LA-10001613,2015-12-21,Damaged Product,10.37,Rejected,2026-08-06 01:42:10.267403
275,1351,FUR-CH-10002880,2015-10-09,Wrong Item,232.45,Requested,2026-08-06 01:42:10.267403
276,119,OFF-BI-10003650,2016-04-29,Other,142.01,Completed,2026-08-06 01:42:10.267403
277,8460,OFF-BI-10002225,2015-09-09,Damaged Product,11.14,Rejected,2026-08-06 01:42:10.267403
278,4734,FUR-FU-10004586,2016-04-12,Damaged Product,17.93,Completed,2026-08-06 01:42:10.267403
279,7972,TEC-AC-10004227,2016-09-12,Late Delivery,28.06,Approved,2026-08-06 01:42:10.267403
280,1460,FUR-FU-10001473,2015-05-19,Defective Product,24.71,Rejected,2026-08-06 01:42:10.267403
281,4109,FUR-TA-10003837,2016-09-21,Other,24.67,Completed,2026-08-06 01:42:10.267403
282,9053,OFF-BI-10003291,2015-04-03,Other,25.15,Completed,2026-08-06 01:42:10.267403
283,8295,TEC-PH-10001809,2018-04-07,Customer Changed Mind,269.91,Completed,2026-08-06 01:42:10.267403
284,394,OFF-BI-10003982,2015-07-01,Late Delivery,11.21,Completed,2026-08-06 01:42:10.267403
285,9793,FUR-CH-10003396,2015-06-13,Wrong Item,96.99,Completed,2026-08-06 01:42:10.267403
286,3805,OFF-EN-10001335,2017-10-24,Wrong Item,31.51,Completed,2026-08-06 01:42:10.267403
287,5236,OFF-AP-10001947,2017-12-05,Late Delivery,49.46,Completed,2026-08-06 01:42:10.267403
288,9094,TEC-PH-10001299,2016-06-25,Late Delivery,269.98,Completed,2026-08-06 01:42:10.267403
289,1463,TEC-AC-10004571,2017-09-13,Other,143.98,Completed,2026-08-06 01:42:10.267403
290,3693,TEC-PH-10004531,2016-11-22,Customer Changed Mind,79.16,Completed,2026-08-06 01:42:10.267403
291,8830,OFF-ST-10001932,2015-10-16,Late Delivery,347.71,Rejected,2026-08-06 01:42:10.267403
292,5272,FUR-FU-10001487,2018-02-12,Late Delivery,25.13,Approved,2026-08-06 01:42:10.267403
293,5485,FUR-CH-10002044,2018-02-14,Wrong Item,377.23,Completed,2026-08-06 01:42:10.267403
294,6160,OFF-ST-10001932,2017-12-18,Late Delivery,695.41,Rejected,2026-08-06 01:42:10.267403
295,640,OFF-BI-10004728,2017-06-09,Late Delivery,13.88,Rejected,2026-08-06 01:42:10.267403
296,2892,OFF-BI-10000136,2015-05-21,Damaged Product,16.15,Approved,2026-08-06 01:42:10.267403
297,343,OFF-FA-10002780,2015-05-06,Wrong Item,27.89,Completed,2026-08-06 01:42:10.267403
298,3309,TEC-AC-10003628,2016-01-13,Customer Changed Mind,43.18,Completed,2026-08-06 01:42:10.267403
299,651,TEC-AC-10001142,2017-12-17,Customer Changed Mind,284.4,Requested,2026-08-06 01:42:10.267403
300,6561,OFF-LA-10003766,2017-08-06,Customer Changed Mind,2.84,Requested,2026-08-06 01:42:10.267403
301,802,TEC-PH-10001580,2018-02-27,Late Delivery,194.37,Approved,2026-08-06 01:42:10.267403
302,6350,OFF-SU-10002573,2016-05-06,Defective Product,31.55,Rejected,2026-08-06 01:42:10.267403
303,7498,OFF-FA-10000490,2018-08-11,Late Delivery,4.46,Completed,2026-08-06 01:42:10.267403
304,2237,OFF-AR-10000817,2016-10-02,Other,21.89,Completed,2026-08-06 01:42:10.267403
305,2582,OFF-PA-10000380,2015-02-07,Defective Product,15.01,Approved,2026-08-06 01:42:10.267403
306,4219,TEC-MA-10000418,2018-04-25,Wrong Item,4319.98,Completed,2026-08-06 01:42:10.267403
307,127,OFF-BI-10003274,2018-11-12,Wrong Item,2.15,Completed,2026-08-06 01:42:10.267403
308,4421,OFF-SU-10002537,2016-12-13,Other,36.83,Requested,2026-08-06 01:42:10.267403
309,924,OFF-AP-10004487,2016-05-10,Damaged Product,365.94,Completed,2026-08-06 01:42:10.267403
310,8978,OFF-BI-10003707,2018-12-01,Defective Product,5.49,Completed,2026-08-06 01:42:10.267403
311,4401,OFF-AP-10002945,2017-03-23,Customer Changed Mind,811.76,Requested,2026-08-06 01:42:10.267403
312,2182,FUR-CH-10002084,2017-05-19,Late Delivery,398.48,Approved,2026-08-06 01:42:10.267403
313,7902,FUR-FU-10003268,2018-08-20,Damaged Product,28.78,Approved,2026-08-06 01:42:10.267403
314,9565,OFF-PA-10001838,2016-06-21,Wrong Item,10.58,Completed,2026-08-06 01:42:10.267403
315,9248,OFF-AR-10003732,2018-06-19,Defective Product,2.5,Completed,2026-08-06 01:42:10.267403
316,5625,TEC-AC-10002637,2017-10-29,Customer Changed Mind,323.98,Completed,2026-08-06 01:42:10.267403
317,9251,OFF-BI-10001107,2017-12-08,Other,104.26,Requested,2026-08-06 01:42:10.267403
318,8697,TEC-PH-10001051,2018-07-12,Customer Changed Mind,215.98,Completed,2026-08-06 01:42:10.267403
319,1195,FUR-FU-10002268,2016-10-10,Wrong Item,14.14,Completed,2026-08-06 01:42:10.267403
320,3450,OFF-AP-10004785,2015-09-13,Damaged Product,50.99,Rejected,2026-08-06 01:42:10.267403
321,474,TEC-PH-10002680,2015-12-08,Damaged Product,633.57,Completed,2026-08-06 01:42:10.267403
322,8553,TEC-CO-10004202,2015-06-07,Customer Changed Mind,647.98,Completed,2026-08-06 01:42:10.267403
323,7870,TEC-AC-10002167,2018-07-28,Late Delivery,21.6,Rejected,2026-08-06 01:42:10.267403
324,456,TEC-AC-10001772,2017-12-24,Damaged Product,57.49,Completed,2026-08-06 01:42:10.267403
325,1806,TEC-PH-10002200,2018-01-05,Damaged Product,2318.35,Completed,2026-08-06 01:42:10.267403
326,8388,OFF-ST-10001328,2016-06-15,Damaged Product,69.8,Completed,2026-08-06 01:42:10.267403
327,8896,OFF-ST-10001505,2017-09-10,Late Delivery,16.15,Completed,2026-08-06 01:42:10.267403
328,5919,FUR-BO-10002213,2016-10-11,Customer Changed Mind,1803.53,Completed,2026-08-06 01:42:10.267403
329,9122,OFF-AP-10000358,2018-04-14,Defective Product,81.77,Approved,2026-08-06 01:42:10.267403
330,1737,OFF-AR-10002833,2018-08-15,Customer Changed Mind,3.93,Completed,2026-08-06 01:42:10.267403
331,3286,OFF-AR-10002375,2018-03-08,Late Delivery,5.9,Completed,2026-08-06 01:42:10.267403
332,9536,OFF-BI-10002949,2017-11-12,Defective Product,8.76,Completed,2026-08-06 01:42:10.267403
333,398,OFF-SU-10002573,2016-11-28,Defective Product,63.11,Completed,2026-08-06 01:42:10.267403
334,4762,OFF-LA-10003720,2018-01-16,Late Delivery,5.31,Approved,2026-08-06 01:42:10.267403
335,1034,OFF-PA-10000955,2017-12-04,Defective Product,14.13,Completed,2026-08-06 01:42:10.267403
336,6183,OFF-BI-10000050,2016-10-04,Customer Changed Mind,13.14,Completed,2026-08-06 01:42:10.267403
337,1117,OFF-LA-10003766,2017-08-13,Wrong Item,5.67,Completed,2026-08-06 01:42:10.267403
338,1098,FUR-TA-10004147,2015-07-23,Damaged Product,403.06,Completed,2026-08-06 01:42:10.267403
339,5445,OFF-AR-10000614,2016-05-12,Customer Changed Mind,9.64,Completed,2026-08-06 01:42:10.267403
340,6452,OFF-AR-10004930,2016-10-02,Defective Product,6.03,Approved,2026-08-06 01:42:10.267403
341,6034,FUR-FU-10002963,2016-12-28,Late Delivery,13.72,Completed,2026-08-06 01:42:10.267403
342,6128,FUR-CH-10003817,2017-04-08,Defective Product,295.2,Completed,2026-08-06 01:42:10.267403
343,6393,OFF-LA-10003190,2018-01-06,Customer Changed Mind,5.18,Completed,2026-08-06 01:42:10.267403
344,4658,OFF-AP-10003266,2016-05-16,Defective Product,21.33,Completed,2026-08-06 01:42:10.267403
345,5659,FUR-TA-10002530,2018-01-01,Wrong Item,339.71,Completed,2026-08-06 01:42:10.267403
346,9539,OFF-PA-10002659,2018-09-26,Other,15.21,Completed,2026-08-06 01:42:10.267403
347,2020,OFF-PA-10002749,2016-04-13,Late Delivery,36.13,Rejected,2026-08-06 01:42:10.267403
348,5809,OFF-AR-10002987,2017-09-18,Wrong Item,28.57,Completed,2026-08-06 01:42:10.267403
349,1517,FUR-TA-10004256,2019-01-01,Other,1502.64,Completed,2026-08-06 01:42:10.267403
350,8762,OFF-EN-10004483,2017-02-17,Defective Product,112.82,Approved,2026-08-06 01:42:10.267403
351,486,FUR-BO-10001337,2018-06-26,Damaged Product,462.75,Completed,2026-08-06 01:42:10.267403
352,2530,OFF-PA-10000788,2015-11-03,Late Delivery,9.33,Rejected,2026-08-06 01:42:10.267403
353,5146,OFF-ST-10000464,2018-02-28,Late Delivery,125.14,Completed,2026-08-06 01:42:10.267403
354,7224,TEC-PH-10004093,2017-08-12,Damaged Product,99.34,Completed,2026-08-06 01:42:10.267403
355,848,FUR-CH-10001891,2016-11-10,Defective Product,259.15,Completed,2026-08-06 01:42:10.267403
356,9544,OFF-PA-10003302,2016-08-30,Late Delivery,51.03,Completed,2026-08-06 01:42:10.267403
357,9740,OFF-BI-10001757,2018-04-05,Defective Product,17.71,Rejected,2026-08-06 01:42:10.267403
358,1088,TEC-PH-10004896,2017-09-02,Defective Product,64.78,Completed,2026-08-06 01:42:10.267403
359,887,OFF-ST-10002486,2018-07-13,Other,75.38,Completed,2026-08-06 01:42:10.267403
360,6052,OFF-AP-10001205,2016-05-02,Late Delivery,245.16,Approved,2026-08-06 01:42:10.267403
361,4845,OFF-BI-10004140,2015-04-29,Customer Changed Mind,6.46,Completed,2026-08-06 01:42:10.267403
362,4569,OFF-BI-10003291,2016-12-02,Customer Changed Mind,9.43,Completed,2026-08-06 01:42:10.267403
363,2097,OFF-AR-10004602,2017-06-11,Customer Changed Mind,82.76,Completed,2026-08-06 01:42:10.267403
364,1825,OFF-BI-10003694,2017-12-27,Wrong Item,28.19,Completed,2026-08-06 01:42:10.267403
365,6518,OFF-AR-10001915,2018-10-08,Defective Product,89.37,Completed,2026-08-06 01:42:10.267403
366,9630,OFF-BI-10003476,2015-01-23,Damaged Product,3.1,Rejected,2026-08-06 01:42:10.267403
367,76,OFF-BI-10004182,2018-12-15,Late Delivery,1.13,Completed,2026-08-06 01:42:10.267403
368,4610,OFF-PA-10004255,2016-06-12,Defective Product,40.82,Rejected,2026-08-06 01:42:10.267403
369,2543,OFF-AP-10002191,2015-10-19,Other,129.56,Completed,2026-08-06 01:42:10.267403
370,773,OFF-BI-10000301,2018-02-27,Other,29.12,Completed,2026-08-06 01:42:10.267403
371,5546,OFF-ST-10001590,2018-10-18,Defective Product,60.66,Completed,2026-08-06 01:42:10.267403
372,7991,TEC-AC-10003433,2017-09-13,Other,1.78,Requested,2026-08-06 01:42:10.267403
373,3363,OFF-PA-10004451,2016-12-31,Customer Changed Mind,17.5,Completed,2026-08-06 01:42:10.267403
374,5026,TEC-PH-10003012,2018-08-04,Late Delivery,415.77,Completed,2026-08-06 01:42:10.267403
375,8543,FUR-CH-10001270,2017-01-14,Other,380.37,Completed,2026-08-06 01:42:10.267403
376,9639,OFF-PA-10001846,2018-12-01,Customer Changed Mind,10.4,Completed,2026-08-06 01:42:10.267403
377,8555,FUR-TA-10002530,2017-12-19,Other,951.17,Completed,2026-08-06 01:42:10.267403
378,3811,TEC-PH-10000441,2016-11-28,Wrong Item,90.71,Requested,2026-08-06 01:42:10.267403
379,9461,OFF-PA-10003591,2015-12-03,Other,31.0,Requested,2026-08-06 01:42:10.267403
380,3927,FUR-FU-10004671,2015-09-24,Customer Changed Mind,31.81,Completed,2026-08-06 01:42:10.267403
381,5796,OFF-ST-10002615,2015-10-25,Damaged Product,1255.99,Completed,2026-08-06 01:42:10.267403
382,8710,FUR-BO-10004015,2015-12-01,Late Delivery,275.37,Rejected,2026-08-06 01:42:10.267403
383,5697,OFF-BI-10000309,2018-11-10,Customer Changed Mind,24.66,Completed,2026-08-06 01:42:10.267403
384,1065,TEC-PH-10002115,2016-05-06,Customer Changed Mind,106.9,Completed,2026-08-06 01:42:10.267403
385,8174,OFF-BI-10003291,2015-08-07,Defective Product,37.71,Completed,2026-08-06 01:42:10.267403
386,650,TEC-PH-10003273,2017-12-16,Defective Product,272.14,Rejected,2026-08-06 01:42:10.267403
387,5019,TEC-AC-10003832,2015-12-09,Customer Changed Mind,695.22,Completed,2026-08-06 01:42:10.267403
388,1604,OFF-AR-10001044,2018-12-09,Defective Product,140.35,Completed,2026-08-06 01:42:10.267403
389,9156,OFF-PA-10001804,2015-02-03,Damaged Product,36.07,Completed,2026-08-06 01:42:10.267403
390,2566,TEC-AC-10003116,2019-01-11,Late Delivery,63.9,Completed,2026-08-06 01:42:10.267403
391,3603,FUR-CH-10004997,2015-11-25,Customer Changed Mind,592.14,Completed,2026-08-06 01:42:10.267403
392,6832,OFF-AP-10002287,2018-08-02,Late Delivery,15.73,Approved,2026-08-06 01:42:10.267403
393,9500,OFF-PA-10003673,2018-11-10,Defective Product,61.02,Rejected,2026-08-06 01:42:10.267403
394,5399,OFF-BI-10002764,2017-10-26,Other,2.62,Completed,2026-08-06 01:42:10.267403
395,2448,FUR-CH-10000988,2017-11-28,Damaged Product,443.56,Completed,2026-08-06 01:42:10.267403
396,3964,FUR-FU-10004018,2018-03-10,Late Delivery,40.2,Completed,2026-08-06 01:42:10.267403
397,6597,OFF-PA-10001804,2018-05-20,Customer Changed Mind,4.81,Completed,2026-08-06 01:42:10.267403
398,6335,OFF-PA-10001970,2015-07-26,Other,44.21,Completed,2026-08-06 01:42:10.267403
399,6330,OFF-AP-10002311,2015-01-30,Damaged Product,222.95,Rejected,2026-08-06 01:42:10.267403
400,234,OFF-BI-10001679,2018-04-21,Damaged Product,4.8,Completed,2026-08-06 01:42:10.267403
401,4898,FUR-CH-10003761,2015-11-12,Defective Product,165.03,Completed,2026-08-06 01:42:10.267403
402,5005,TEC-AC-10002550,2015-05-10,Wrong Item,43.01,Completed,2026-08-06 01:42:10.267403
403,6085,TEC-AC-10000387,2017-12-07,Wrong Item,21.63,Completed,2026-08-06 01:42:10.267403
404,5089,OFF-BI-10003529,2016-03-24,Wrong Item,2.3,Completed,2026-08-06 01:42:10.267403
405,3759,OFF-AR-10003602,2016-10-02,Customer Changed Mind,10.51,Completed,2026-08-06 01:42:10.267403
406,4135,TEC-MA-10000029,2015-09-23,Wrong Item,188.97,Completed,2026-08-06 01:42:10.267403
407,7890,OFF-AR-10003811,2018-01-14,Damaged Product,17.9,Rejected,2026-08-06 01:42:10.267403
408,238,OFF-PA-10003349,2017-06-22,Late Delivery,23.33,Completed,2026-08-06 01:42:10.267403
409,8766,OFF-BI-10000756,2016-12-12,Damaged Product,1.53,Completed,2026-08-06 01:42:10.267403
410,1503,TEC-PH-10001300,2017-12-02,Customer Changed Mind,30.17,Completed,2026-08-06 01:42:10.267403
411,6380,OFF-ST-10003692,2018-04-20,Defective Product,257.54,Rejected,2026-08-06 01:42:10.267403
412,5239,TEC-AC-10003628,2015-10-09,Wrong Item,53.98,Completed,2026-08-06 01:42:10.267403
413,2902,OFF-PA-10003656,2018-09-18,Late Delivery,166.19,Approved,2026-08-06 01:42:10.267403
414,8241,FUR-FU-10000175,2018-11-10,Customer Changed Mind,39.55,Requested,2026-08-06 01:42:10.267403
415,980,OFF-PA-10004156,2016-12-19,Defective Product,30.62,Rejected,2026-08-06 01:42:10.267403
416,2595,OFF-EN-10003296,2018-06-07,Customer Changed Mind,162.86,Completed,2026-08-06 01:42:10.267403
417,4958,OFF-BI-10001308,2016-04-02,Defective Product,2.26,Completed,2026-08-06 01:42:10.267403
418,7724,FUR-CH-10003981,2016-10-09,Defective Product,161.9,Completed,2026-08-06 01:42:10.267403
419,4916,OFF-BI-10001097,2016-10-15,Defective Product,13.46,Completed,2026-08-06 01:42:10.267403
420,5533,TEC-AC-10003038,2017-06-19,Wrong Item,24.17,Completed,2026-08-06 01:42:10.267403
421,5891,OFF-PA-10001790,2017-12-12,Other,34.59,Requested,2026-08-06 01:42:10.267403
422,1857,OFF-ST-10000563,2018-05-24,Customer Changed Mind,115.13,Completed,2026-08-06 01:42:10.267403
423,6239,FUR-FU-10004597,2016-12-31,Other,149.85,Completed,2026-08-06 01:42:10.267403
424,1218,FUR-FU-10001867,2018-10-02,Damaged Product,15.32,Completed,2026-08-06 01:42:10.267403
425,8325,OFF-ST-10001321,2018-09-13,Customer Changed Mind,55.51,Completed,2026-08-06 01:42:10.267403
426,3496,FUR-CH-10000665,2018-10-20,Late Delivery,543.53,Completed,2026-08-06 01:42:10.267403
427,2377,OFF-BI-10001718,2015-08-26,Wrong Item,69.1,Completed,2026-08-06 01:42:10.267403
428,6702,FUR-FU-10001986,2016-05-27,Damaged Product,146.83,Approved,2026-08-06 01:42:10.267403
429,3473,TEC-AC-10003614,2018-12-10,Other,16.69,Completed,2026-08-06 01:42:10.267403
430,7299,FUR-TA-10002533,2015-12-17,Customer Changed Mind,262.89,Completed,2026-08-06 01:42:10.267403
431,3054,TEC-PH-10002555,2017-04-18,Damaged Product,466.11,Completed,2026-08-06 01:42:10.267403
432,3122,OFF-AR-10000380,2016-07-08,Defective Product,54.69,Approved,2026-08-06 01:42:10.267403
433,8678,FUR-TA-10004607,2018-11-01,Defective Product,465.67,Completed,2026-08-06 01:42:10.267403
434,686,TEC-AC-10003911,2015-07-21,Defective Product,431.97,Completed,2026-08-06 01:42:10.267403
435,8917,OFF-AP-10000390,2017-05-31,Wrong Item,43.9,Completed,2026-08-06 01:42:10.267403
436,2132,FUR-FU-10000076,2015-06-01,Defective Product,125.87,Approved,2026-08-06 01:42:10.267403
437,8988,TEC-PH-10001700,2016-12-21,Damaged Product,95.02,Completed,2026-08-06 01:42:10.267403
438,1543,OFF-FA-10001561,2015-04-03,Wrong Item,9.41,Completed,2026-08-06 01:42:10.267403
439,4587,OFF-BI-10003718,2018-11-19,Customer Changed Mind,531.32,Completed,2026-08-06 01:42:10.267403
440,1727,OFF-AP-10003860,2016-12-26,Other,79.95,Completed,2026-08-06 01:42:10.267403
441,3538,OFF-ST-10000107,2015-05-27,Late Delivery,74.93,Completed,2026-08-06 01:42:10.267403
442,7775,OFF-EN-10001509,2017-04-18,Other,5.51,Completed,2026-08-06 01:42:10.267403
443,9725,OFF-EN-10004459,2016-12-10,Other,11.0,Completed,2026-08-06 01:42:10.267403
444,3399,TEC-PH-10002923,2015-12-20,Customer Changed Mind,33.29,Completed,2026-08-06 01:42:10.267403
445,5424,OFF-PA-10001215,2018-12-02,Damaged Product,23.76,Completed,2026-08-06 01:42:10.267403
446,8348,FUR-FU-10002445,2016-05-28,Defective Product,8.53,Completed,2026-08-06 01:42:10.267403
447,7277,TEC-AC-10004171,2015-11-09,Other,719.93,Completed,2026-08-06 01:42:10.267403
448,9026,TEC-AC-10000397,2017-07-02,Defective Product,125.96,Completed,2026-08-06 01:42:10.267403
449,5073,TEC-PH-10001128,2015-09-05,Customer Changed Mind,269.98,Completed,2026-08-06 01:42:10.267403
450,8837,OFF-AR-10000034,2018-10-11,Other,11.45,Completed,2026-08-06 01:42:10.267403
451,161,OFF-PA-10002751,2017-05-27,Other,5.38,Requested,2026-08-06 01:42:10.267403
452,262,OFF-AP-10002203,2018-06-25,Late Delivery,1.46,Approved,2026-08-06 01:42:10.267403
453,788,FUR-CH-10004675,2016-12-30,Defective Product,314.04,Completed,2026-08-06 01:42:10.267403
454,3294,FUR-FU-10001852,2016-01-19,Damaged Product,3.13,Completed,2026-08-06 01:42:10.267403
455,2688,OFF-BI-10002003,2017-08-22,Damaged Product,3.58,Completed,2026-08-06 01:42:10.267403
456,7786,OFF-LA-10002762,2015-12-15,Late Delivery,22.55,Completed,2026-08-06 01:42:10.267403
457,382,OFF-PA-10004734,2017-11-09,Late Delivery,45.86,Approved,2026-08-06 01:42:10.267403
458,4630,OFF-ST-10004258,2017-11-23,Late Delivery,32.97,Rejected,2026-08-06 01:42:10.267403
459,9034,OFF-BI-10001359,2015-09-16,Late Delivery,1614.58,Completed,2026-08-06 01:42:10.267403
460,7464,OFF-AR-10003338,2017-09-27,Damaged Product,13.39,Completed,2026-08-06 01:42:10.267403
461,369,OFF-ST-10002406,2017-11-14,Customer Changed Mind,94.31,Completed,2026-08-06 01:42:10.267403
462,8770,TEC-PH-10001870,2017-10-07,Late Delivery,132.26,Rejected,2026-08-06 01:42:10.267403
463,6669,OFF-SU-10004661,2018-06-05,Customer Changed Mind,15.3,Completed,2026-08-06 01:42:10.267403
464,3864,OFF-AR-10001770,2018-11-05,Damaged Product,9.58,Completed,2026-08-06 01:42:10.267403
465,6416,OFF-PA-10003395,2018-09-11,Defective Product,75.49,Completed,2026-08-06 01:42:10.267403
466,9300,OFF-BI-10003676,2016-04-23,Damaged Product,3.88,Rejected,2026-08-06 01:42:10.267403
467,6753,OFF-PA-10003039,2017-07-06,Customer Changed Mind,55.76,Completed,2026-08-06 01:42:10.267403
468,946,OFF-BI-10002931,2016-06-24,Late Delivery,150.98,Completed,2026-08-06 01:42:10.267403
469,1934,FUR-FU-10001706,2018-08-20,Defective Product,13.86,Completed,2026-08-06 01:42:10.267403
470,4231,OFF-BI-10003429,2018-07-16,Wrong Item,10.25,Requested,2026-08-06 01:42:10.267403
471,2759,FUR-FU-10004270,2017-03-25,Other,69.23,Completed,2026-08-06 01:42:10.267403
472,1515,OFF-BI-10001636,2018-09-07,Customer Changed Mind,6.07,Completed,2026-08-06 01:42:10.267403
473,6855,OFF-ST-10001522,2019-01-02,Customer Changed Mind,331.16,Completed,2026-08-06 01:42:10.267403
474,9558,FUR-FU-10004586,2015-10-30,Damaged Product,4.78,Completed,2026-08-06 01:42:10.267403
475,6934,FUR-FU-10001057,2015-07-28,Late Delivery,28.78,Completed,2026-08-06 01:42:10.267403
476,6667,FUR-FU-10000719,2018-06-03,Wrong Item,38.57,Completed,2026-08-06 01:42:10.267403
477,4895,OFF-PA-10004327,2018-01-17,Other,43.11,Completed,2026-08-06 01:42:10.267403
478,2633,FUR-CH-10002017,2018-05-28,Other,38.36,Completed,2026-08-06 01:42:10.267403
479,156,OFF-ST-10001590,2016-06-11,Damaged Product,72.79,Completed,2026-08-06 01:42:10.267403
480,918,OFF-BI-10002706,2015-07-08,Damaged Product,7.71,Completed,2026-08-06 01:42:10.267403
481,9388,OFF-PA-10001970,2018-02-06,Late Delivery,11.05,Completed,2026-08-06 01:42:10.267403
482,6443,OFF-PA-10001295,2017-11-05,Other,34.15,Completed,2026-08-06 01:42:10.267403
483,6545,OFF-BI-10003007,2018-06-08,Other,52.35,Completed,2026-08-06 01:42:10.267403
484,4090,OFF-LA-10001297,2017-04-21,Late Delivery,18.63,Rejected,2026-08-06 01:42:10.267403
485,1530,OFF-PA-10001274,2016-11-17,Damaged Product,6.57,Rejected,2026-08-06 01:42:10.267403
486,100,OFF-PA-10003256,2017-09-03,Late Delivery,58.16,Rejected,2026-08-06 01:42:10.267403
487,1538,TEC-PH-10000439,2018-10-03,Defective Product,35.99,Completed,2026-08-06 01:42:10.267403
488,782,OFF-BI-10001098,2016-10-15,Defective Product,28.86,Approved,2026-08-06 01:42:10.267403
489,1233,OFF-EN-10003055,2016-11-13,Customer Changed Mind,71.96,Completed,2026-08-06 01:42:10.267403
490,46,OFF-BI-10003291,2017-04-06,Late Delivery,15.71,Completed,2026-08-06 01:42:10.267403
