customer_id,customer_name,segment,created_at
JC-15775,John Castell,Consumer,2026-08-03 12:39:34.619116
EB-13840,Ellis Ballard,Corporate,2026-08-03 12:39:34.619116
TS-21340,Toby Swindell,Consumer,2026-08-03 12:39:34.619116
CK-12205,Chloris Kastensmidt,Consumer,2026-08-03 12:39:34.619116
BP-11230,Benjamin Patterson,Consumer,2026-08-03 12:39:34.619116
LM-17065,Liz MacKendrick,Consumer,2026-08-03 12:39:34.619116
RD-19930,Russell D'Ascenzo,Consumer,2026-08-03 12:39:34.619116
MD-17350,Maribeth Dona,Consumer,2026-08-03 12:39:34.619116
AC-10450,Amy Cox,Consumer,2026-08-03 12:39:34.619116
KL-16645,Ken Lonsdale,Consumer,2026-08-03 12:39:34.619116
NR-18550,Nick Radford,Consumer,2026-08-03 12:39:34.619116
RP-19390,Resi Pölking,Consumer,2026-08-03 12:39:34.619116
JR-16210,Justin Ritter,Corporate,2026-08-03 12:39:34.619116
DB-13660,Duane Benoit,Consumer,2026-08-03 12:39:34.619116
CH-12070,Cathy Hwang,Home Office,2026-08-03 12:39:34.619116
NP-18325,Naresj Patel,Consumer,2026-08-03 12:39:34.619116
GM-14455,Gary Mitchum,Home Office,2026-08-03 12:39:34.619116
KD-16495,Keith Dawkins,Corporate,2026-08-03 12:39:34.619116
DW-13480,Dianna Wilson,Home Office,2026-08-03 12:39:34.619116
JF-15415,Jennifer Ferguson,Consumer,2026-08-03 12:39:34.619116
BF-11080,Bart Folk,Consumer,2026-08-03 12:39:34.619116
EM-14140,Eugene Moren,Home Office,2026-08-03 12:39:34.619116
MS-17530,MaryBeth Skach,Consumer,2026-08-03 12:39:34.619116
DM-13015,Darrin Martin,Consumer,2026-08-03 12:39:34.619116
HW-14935,Helen Wasserman,Corporate,2026-08-03 12:39:34.619116
CL-12700,Craig Leslie,Home Office,2026-08-03 12:39:34.619116
LB-16735,Larry Blacks,Consumer,2026-08-03 12:39:34.619116
TD-20995,Tamara Dahlen,Consumer,2026-08-03 12:39:34.619116
AC-10420,Alyssa Crouse,Corporate,2026-08-03 12:39:34.619116
RE-19405,Ricardo Emerson,Consumer,2026-08-03 12:39:34.619116
BC-11125,Becky Castell,Home Office,2026-08-03 12:39:34.619116
JE-15715,Joe Elijah,Consumer,2026-08-03 12:39:34.619116
CS-11845,Cari Sayre,Corporate,2026-08-03 12:39:34.619116
AT-10435,Alyssa Tate,Home Office,2026-08-03 12:39:34.619116
GM-14695,Greg Maxwell,Corporate,2026-08-03 12:39:34.619116
NM-18445,Nathan Mautz,Home Office,2026-08-03 12:39:34.619116
SC-20230,Scot Coram,Corporate,2026-08-03 12:39:34.619116
MG-18205,Mitch Gastineau,Corporate,2026-08-03 12:39:34.619116
SC-20380,Shahid Collister,Consumer,2026-08-03 12:39:34.619116
BF-11170,Ben Ferrer,Home Office,2026-08-03 12:39:34.619116
NZ-18565,Nick Zandusky,Home Office,2026-08-03 12:39:34.619116
RD-19480,Rick Duston,Consumer,2026-08-03 12:39:34.619116
FH-14350,Fred Harton,Consumer,2026-08-03 12:39:34.619116
TR-21325,Toby Ritter,Consumer,2026-08-03 12:39:34.619116
BP-11290,Beth Paige,Consumer,2026-08-03 12:39:34.619116
SG-20080,Sandra Glassco,Consumer,2026-08-03 12:39:34.619116
LC-16930,Linda Cazamias,Corporate,2026-08-03 12:39:34.619116
JL-15505,Jeremy Lonsdale,Consumer,2026-08-03 12:39:34.619116
IM-15070,Irene Maddox,Consumer,2026-08-03 12:39:34.619116
CM-11935,Carlos Meador,Consumer,2026-08-03 12:39:34.619116
JC-16105,Julie Creighton,Corporate,2026-08-03 12:39:34.619116
BE-11335,Bill Eplett,Home Office,2026-08-03 12:39:34.619116
RA-19915,Russell Applegate,Consumer,2026-08-03 12:39:34.619116
MS-17980,Michael Stewart,Corporate,2026-08-03 12:39:34.619116
RM-19375,Raymond Messe,Consumer,2026-08-03 12:39:34.619116
JL-15175,James Lanier,Home Office,2026-08-03 12:39:34.619116
ME-17320,Maria Etezadi,Home Office,2026-08-03 12:39:34.619116
RR-19315,Ralph Ritter,Consumer,2026-08-03 12:39:34.619116
EJ-13720,Ed Jacobs,Consumer,2026-08-03 12:39:34.619116
MC-17575,Matt Collins,Consumer,2026-08-03 12:39:34.619116
JM-15250,Janet Martin,Consumer,2026-08-03 12:39:34.619116
EC-14050,Erin Creighton,Consumer,2026-08-03 12:39:34.619116
NF-18385,Natalie Fritzler,Consumer,2026-08-03 12:39:34.619116
ED-13885,Emily Ducich,Home Office,2026-08-03 12:39:34.619116
SW-20275,Scott Williamson,Consumer,2026-08-03 12:39:34.619116
LW-16825,Laurel Workman,Corporate,2026-08-03 12:39:34.619116
PK-18910,Paul Knutson,Home Office,2026-08-03 12:39:34.619116
JB-16045,Julia Barnett,Home Office,2026-08-03 12:39:34.619116
VT-21700,Valerie Takahito,Home Office,2026-08-03 12:39:34.619116
CR-12580,Clay Rozendal,Home Office,2026-08-03 12:39:34.619116
GZ-14470,Gary Zandusky,Consumer,2026-08-03 12:39:34.619116
BS-11365,Bill Shonely,Corporate,2026-08-03 12:39:34.619116
KW-16570,Kelly Williams,Consumer,2026-08-03 12:39:34.619116
MW-18220,Mitch Webber,Consumer,2026-08-03 12:39:34.619116
JL-15235,Janet Lee,Consumer,2026-08-03 12:39:34.619116
GT-14755,Guy Thornton,Consumer,2026-08-03 12:39:34.619116
JM-15535,Jessica Myrick,Consumer,2026-08-03 12:39:34.619116
RC-19960,Ryan Crowe,Consumer,2026-08-03 12:39:34.619116
KN-16450,Kean Nguyen,Corporate,2026-08-03 12:39:34.619116
RS-19870,Roy Skaria,Home Office,2026-08-03 12:39:34.619116
MC-17845,Michael Chen,Consumer,2026-08-03 12:39:34.619116
JP-15520,Jeremy Pistek,Consumer,2026-08-03 12:39:34.619116
TH-21100,Thea Hendricks,Consumer,2026-08-03 12:39:34.619116
RE-19450,Richard Eichhorn,Consumer,2026-08-03 12:39:34.619116
RF-19345,Randy Ferguson,Corporate,2026-08-03 12:39:34.619116
BB-11545,Brenda Bowman,Corporate,2026-08-03 12:39:34.619116
MC-17635,Matthew Clasen,Corporate,2026-08-03 12:39:34.619116
DB-12970,Darren Budd,Corporate,2026-08-03 12:39:34.619116
EH-14125,Eugene Hildebrand,Home Office,2026-08-03 12:39:34.619116
BO-11350,Bill Overfelt,Corporate,2026-08-03 12:39:34.619116
CC-12220,Chris Cortes,Consumer,2026-08-03 12:39:34.619116
JP-16135,Julie Prescott,Home Office,2026-08-03 12:39:34.619116
PO-18850,Patrick O'Brill,Consumer,2026-08-03 12:39:34.619116
DP-13390,Dennis Pardue,Home Office,2026-08-03 12:39:34.619116
KB-16405,Katrina Bavinger,Home Office,2026-08-03 12:39:34.619116
AF-10870,Art Ferguson,Consumer,2026-08-03 12:39:34.619116
MH-17785,Maya Herman,Corporate,2026-08-03 12:39:34.619116
YS-21880,Yana Sorensen,Corporate,2026-08-03 12:39:34.619116
FM-14215,Filia McAdams,Corporate,2026-08-03 12:39:34.619116
AW-10840,Anthony Witt,Consumer,2026-08-03 12:39:34.619116
JD-16015,Joy Daniels,Consumer,2026-08-03 12:39:34.619116
MF-18250,Monica Federle,Corporate,2026-08-03 12:39:34.619116
Dl-13600,Dorris liebe,Corporate,2026-08-03 12:39:34.619116
JM-15655,Jim Mitchum,Corporate,2026-08-03 12:39:34.619116
MN-17935,Michael Nguyen,Consumer,2026-08-03 12:39:34.619116
AH-10195,Alan Haines,Corporate,2026-08-03 12:39:34.619116
DL-12925,Daniel Lacy,Consumer,2026-08-03 12:39:34.619116
AH-10210,Alan Hwang,Consumer,2026-08-03 12:39:34.619116
HG-15025,Hunter Glantz,Consumer,2026-08-03 12:39:34.619116
CM-12160,Charles McCrossin,Consumer,2026-08-03 12:39:34.619116
GM-14500,Gene McClure,Consumer,2026-08-03 12:39:34.619116
SJ-20125,Sanjit Jacobs,Home Office,2026-08-03 12:39:34.619116
JK-15640,Jim Kriz,Home Office,2026-08-03 12:39:34.619116
SC-20050,Sample Company A,Home Office,2026-08-03 12:39:34.619116
CC-12475,Cindy Chapman,Consumer,2026-08-03 12:39:34.619116
JS-15940,Joni Sundaresam,Home Office,2026-08-03 12:39:34.619116
AG-10900,Arthur Gainer,Consumer,2026-08-03 12:39:34.619116
BM-11785,Bryan Mills,Consumer,2026-08-03 12:39:34.619116
VW-21775,Victoria Wilson,Corporate,2026-08-03 12:39:34.619116
JD-15895,Jonathan Doherty,Corporate,2026-08-03 12:39:34.619116
BD-11770,Bryan Davis,Consumer,2026-08-03 12:39:34.619116
DM-12955,Dario Medina,Corporate,2026-08-03 12:39:34.619116
PH-18790,Patricia Hirasaki,Home Office,2026-08-03 12:39:34.619116
DK-13090,Dave Kipp,Consumer,2026-08-03 12:39:34.619116
VG-21805,Vivek Grady,Corporate,2026-08-03 12:39:34.619116
CL-12565,Clay Ludtke,Consumer,2026-08-03 12:39:34.619116
MG-17650,Matthew Grinstein,Home Office,2026-08-03 12:39:34.619116
BF-11215,Benjamin Farhat,Home Office,2026-08-03 12:39:34.619116
SK-19990,Sally Knutson,Consumer,2026-08-03 12:39:34.619116
MZ-17335,Maria Zettner,Home Office,2026-08-03 12:39:34.619116
BD-11605,Brian Dahlen,Consumer,2026-08-03 12:39:34.619116
TP-21130,Theone Pippenger,Consumer,2026-08-03 12:39:34.619116
DM-13525,Don Miller,Corporate,2026-08-03 12:39:34.619116
BP-11155,Becky Pak,Consumer,2026-08-03 12:39:34.619116
TM-21010,Tamara Manning,Consumer,2026-08-03 12:39:34.619116
JG-15310,Jason Gross,Corporate,2026-08-03 12:39:34.619116
LC-16960,Lindsay Castell,Home Office,2026-08-03 12:39:34.619116
KM-16225,Kalyca Meade,Corporate,2026-08-03 12:39:34.619116
CA-11965,Carol Adams,Corporate,2026-08-03 12:39:34.619116
LA-16780,Laura Armstrong,Corporate,2026-08-03 12:39:34.619116
CM-11815,Candace McMahon,Corporate,2026-08-03 12:39:34.619116
JH-15430,Jennifer Halladay,Consumer,2026-08-03 12:39:34.619116
EB-13705,Ed Braxton,Corporate,2026-08-03 12:39:34.619116
MO-17950,Michael Oakman,Consumer,2026-08-03 12:39:34.619116
TT-21460,Tonja Turnell,Home Office,2026-08-03 12:39:34.619116
BG-11035,Barry Gonzalez,Consumer,2026-08-03 12:39:34.619116
PW-19030,Pauline Webber,Corporate,2026-08-03 12:39:34.619116
LH-17155,Logan Haushalter,Consumer,2026-08-03 12:39:34.619116
JH-15910,Jonathan Howell,Consumer,2026-08-03 12:39:34.619116
BS-11590,Brendan Sweed,Corporate,2026-08-03 12:39:34.619116
EB-13930,Eric Barreto,Consumer,2026-08-03 12:39:34.619116
BT-11440,Bobby Trafton,Consumer,2026-08-03 12:39:34.619116
BP-11095,Bart Pistole,Corporate,2026-08-03 12:39:34.619116
SP-20620,Stefania Perrino,Corporate,2026-08-03 12:39:34.619116
NG-18355,Nat Gilpin,Corporate,2026-08-03 12:39:34.619116
CW-11905,Carl Weiss,Home Office,2026-08-03 12:39:34.619116
DL-12865,Dan Lawera,Consumer,2026-08-03 12:39:34.619116
TW-21025,Tamara Willingham,Home Office,2026-08-03 12:39:34.619116
LW-16990,Lindsay Williams,Corporate,2026-08-03 12:39:34.619116
AS-10240,Alan Shonely,Consumer,2026-08-03 12:39:34.619116
KN-16390,Katherine Nockton,Corporate,2026-08-03 12:39:34.619116
SC-20305,Sean Christensen,Consumer,2026-08-03 12:39:34.619116
HF-14995,Herbert Flentye,Consumer,2026-08-03 12:39:34.619116
SC-20095,Sanjit Chand,Consumer,2026-08-03 12:39:34.619116
CS-11950,Carlos Soltero,Consumer,2026-08-03 12:39:34.619116
SG-20470,Sheri Gordon,Consumer,2026-08-03 12:39:34.619116
MY-18295,Muhammed Yedwab,Corporate,2026-08-03 12:39:34.619116
CS-11860,Cari Schnelling,Consumer,2026-08-03 12:39:34.619116
AZ-10750,Annie Zypern,Consumer,2026-08-03 12:39:34.619116
JM-15265,Janet Molinari,Corporate,2026-08-03 12:39:34.619116
RD-19585,Rob Dowd,Consumer,2026-08-03 12:39:34.619116
DP-13165,David Philippe,Consumer,2026-08-03 12:39:34.619116
GA-14515,George Ashbrook,Consumer,2026-08-03 12:39:34.619116
SA-20830,Sue Ann Reed,Consumer,2026-08-03 12:39:34.619116
RD-19720,Roger Demir,Consumer,2026-08-03 12:39:34.619116
AH-10075,Adam Hart,Corporate,2026-08-03 12:39:34.619116
BV-11245,Benjamin Venier,Corporate,2026-08-03 12:39:34.619116
EH-14005,Erica Hernandez,Home Office,2026-08-03 12:39:34.619116
DO-13645,Doug O'Connell,Consumer,2026-08-03 12:39:34.619116
DL-13495,Dionis Lloyd,Corporate,2026-08-03 12:39:34.619116
BO-11425,Bobby Odegard,Consumer,2026-08-03 12:39:34.619116
VB-21745,Victoria Brennan,Corporate,2026-08-03 12:39:34.619116
CC-12685,Craig Carroll,Consumer,2026-08-03 12:39:34.619116
JL-15835,John Lee,Consumer,2026-08-03 12:39:34.619116
AR-10345,Alex Russell,Corporate,2026-08-03 12:39:34.619116
DR-12880,Dan Reichenbach,Corporate,2026-08-03 12:39:34.619116
AH-10690,Anna Häberlin,Corporate,2026-08-03 12:39:34.619116
FM-14380,Fred McMath,Consumer,2026-08-03 12:39:34.619116
LL-16840,Lauren Leatherbury,Consumer,2026-08-03 12:39:34.619116
Co-12640,Corey-Lock,Consumer,2026-08-03 12:39:34.619116
SW-20755,Steven Ward,Corporate,2026-08-03 12:39:34.619116
CR-12625,Corey Roper,Home Office,2026-08-03 12:39:34.619116
NG-18430,Nathan Gelder,Consumer,2026-08-03 12:39:34.619116
MC-17275,Marc Crier,Consumer,2026-08-03 12:39:34.619116
RF-19735,Roland Fjeld,Consumer,2026-08-03 12:39:34.619116
KB-16600,Ken Brennan,Corporate,2026-08-03 12:39:34.619116
IL-15100,Ivan Liston,Consumer,2026-08-03 12:39:34.619116
DP-13000,Darren Powers,Consumer,2026-08-03 12:39:34.619116
JC-15385,Jenna Caffey,Consumer,2026-08-03 12:39:34.619116
SM-20950,Suzanne McNair,Corporate,2026-08-03 12:39:34.619116
MR-17545,Mathew Reese,Home Office,2026-08-03 12:39:34.619116
AM-10360,Alice McCarthy,Corporate,2026-08-03 12:39:34.619116
TS-21085,Thais Sissman,Consumer,2026-08-03 12:39:34.619116
AR-10825,Anthony Rawles,Corporate,2026-08-03 12:39:34.619116
LR-17035,Lisa Ryan,Corporate,2026-08-03 12:39:34.619116
JP-15460,Jennifer Patt,Corporate,2026-08-03 12:39:34.619116
TP-21565,Tracy Poddar,Corporate,2026-08-03 12:39:34.619116
CC-12370,Christopher Conant,Consumer,2026-08-03 12:39:34.619116
RC-19825,Roy Collins,Consumer,2026-08-03 12:39:34.619116
KL-16555,Kelly Lampkin,Corporate,2026-08-03 12:39:34.619116
LW-17215,Luke Weiss,Consumer,2026-08-03 12:39:34.619116
PJ-19015,Pauline Johnson,Consumer,2026-08-03 12:39:34.619116
RH-19510,Rick Huthwaite,Home Office,2026-08-03 12:39:34.619116
MG-18145,Mike Gockenbach,Consumer,2026-08-03 12:39:34.619116
MM-18055,Michelle Moray,Consumer,2026-08-03 12:39:34.619116
MF-17665,Maureen Fritzler,Corporate,2026-08-03 12:39:34.619116
TC-20980,Tamara Chand,Corporate,2026-08-03 12:39:34.619116
EH-14185,Evan Henry,Consumer,2026-08-03 12:39:34.619116
CC-12145,Charles Crestani,Consumer,2026-08-03 12:39:34.619116
NC-18625,Noah Childs,Corporate,2026-08-03 12:39:34.619116
KA-16525,Kelly Andreada,Consumer,2026-08-03 12:39:34.619116
AP-10915,Arthur Prichep,Consumer,2026-08-03 12:39:34.619116
SC-20680,Steve Carroll,Home Office,2026-08-03 12:39:34.619116
BS-11380,Bill Stewart,Corporate,2026-08-03 12:39:34.619116
EM-14095,Eudokia Martin,Corporate,2026-08-03 12:39:34.619116
AR-10510,Andrew Roberts,Consumer,2026-08-03 12:39:34.619116
EK-13795,Eileen Kiefer,Home Office,2026-08-03 12:39:34.619116
MM-17260,Magdelene Morse,Consumer,2026-08-03 12:39:34.619116
SC-20020,Sam Craven,Consumer,2026-08-03 12:39:34.619116
BG-11740,Bruce Geld,Consumer,2026-08-03 12:39:34.619116
AH-10030,Aaron Hawkins,Corporate,2026-08-03 12:39:34.619116
BG-11695,Brooke Gillingham,Corporate,2026-08-03 12:39:34.619116
DC-12850,Dan Campbell,Consumer,2026-08-03 12:39:34.619116
EB-14110,Eugene Barchas,Consumer,2026-08-03 12:39:34.619116
MZ-17515,Mary Zewe,Corporate,2026-08-03 12:39:34.619116
SC-20845,Sung Chung,Consumer,2026-08-03 12:39:34.619116
TN-21040,Tanja Norvell,Home Office,2026-08-03 12:39:34.619116
FH-14365,Fred Hopkins,Corporate,2026-08-03 12:39:34.619116
LD-16855,Lela Donovan,Corporate,2026-08-03 12:39:34.619116
EB-14170,Evan Bailliet,Consumer,2026-08-03 12:39:34.619116
MW-18235,Mitch Willingham,Corporate,2026-08-03 12:39:34.619116
JE-15610,Jim Epp,Corporate,2026-08-03 12:39:34.619116
RA-19885,Ruben Ausman,Corporate,2026-08-03 12:39:34.619116
TG-21640,Trudy Glocke,Consumer,2026-08-03 12:39:34.619116
CS-12505,Cindy Stewart,Consumer,2026-08-03 12:39:34.619116
NS-18505,Neola Schneider,Consumer,2026-08-03 12:39:34.619116
RB-19570,Rob Beeghly,Consumer,2026-08-03 12:39:34.619116
RP-19855,Roy Phan,Corporate,2026-08-03 12:39:34.619116
AI-10855,Arianne Irving,Consumer,2026-08-03 12:39:34.619116
TM-21490,Tony Molinari,Consumer,2026-08-03 12:39:34.619116
PO-19180,Philisse Overcash,Home Office,2026-08-03 12:39:34.619116
PT-19090,Pete Takahito,Consumer,2026-08-03 12:39:34.619116
JF-15565,Jill Fjeld,Consumer,2026-08-03 12:39:34.619116
JB-15925,Joni Blumstein,Consumer,2026-08-03 12:39:34.619116
SH-20635,Stefanie Holloman,Corporate,2026-08-03 12:39:34.619116
EL-13735,Ed Ludwig,Home Office,2026-08-03 12:39:34.619116
JK-15730,Joe Kamberova,Consumer,2026-08-03 12:39:34.619116
GB-14530,George Bell,Corporate,2026-08-03 12:39:34.619116
CS-12250,Chris Selesnick,Corporate,2026-08-03 12:39:34.619116
JM-15580,Jill Matthias,Consumer,2026-08-03 12:39:34.619116
DB-13555,Dorothy Badders,Corporate,2026-08-03 12:39:34.619116
KH-16630,Ken Heidel,Corporate,2026-08-03 12:39:34.619116
SP-20860,Sung Pak,Corporate,2026-08-03 12:39:34.619116
HA-14905,Helen Abelman,Consumer,2026-08-03 12:39:34.619116
DW-13540,Don Weiss,Consumer,2026-08-03 12:39:34.619116
MC-18130,Mike Caudle,Corporate,2026-08-03 12:39:34.619116
BD-11500,Bradley Drucker,Consumer,2026-08-03 12:39:34.619116
RD-19660,Robert Dilbeck,Home Office,2026-08-03 12:39:34.619116
JM-16195,Justin MacKendrick,Consumer,2026-08-03 12:39:34.619116
SD-20485,Shirley Daniels,Home Office,2026-08-03 12:39:34.619116
GM-14680,Greg Matthias,Consumer,2026-08-03 12:39:34.619116
GH-14665,Greg Hansen,Consumer,2026-08-03 12:39:34.619116
BN-11470,Brad Norvell,Corporate,2026-08-03 12:39:34.619116
NP-18670,Nora Paige,Consumer,2026-08-03 12:39:34.619116
DF-13135,David Flashing,Consumer,2026-08-03 12:39:34.619116
JW-15220,Jane Waco,Corporate,2026-08-03 12:39:34.619116
CS-12490,Cindy Schnelling,Corporate,2026-08-03 12:39:34.619116
MT-17815,Meg Tillman,Consumer,2026-08-03 12:39:34.619116
JE-15745,Joel Eaton,Consumer,2026-08-03 12:39:34.619116
BD-11725,Bruce Degenhardt,Consumer,2026-08-03 12:39:34.619116
EB-13750,Edward Becker,Corporate,2026-08-03 12:39:34.619116
FH-14275,Frank Hawley,Corporate,2026-08-03 12:39:34.619116
CC-12100,Chad Cunningham,Home Office,2026-08-03 12:39:34.619116
AG-10765,Anthony Garverick,Home Office,2026-08-03 12:39:34.619116
AA-10315,Alex Avila,Consumer,2026-08-03 12:39:34.619116
CA-12310,Christine Abelman,Corporate,2026-08-03 12:39:34.619116
CL-11890,Carl Ludwig,Consumer,2026-08-03 12:39:34.619116
TB-21400,Tom Boeckenhauer,Consumer,2026-08-03 12:39:34.619116
PL-18925,Paul Lucas,Home Office,2026-08-03 12:39:34.619116
JK-16120,Julie Kriz,Home Office,2026-08-03 12:39:34.619116
MG-17875,Michael Grace,Home Office,2026-08-03 12:39:34.619116
AS-10045,Aaron Smayling,Corporate,2026-08-03 12:39:34.619116
PG-18820,Patrick Gardner,Consumer,2026-08-03 12:39:34.619116
AS-10285,Alejandro Savely,Corporate,2026-08-03 12:39:34.619116
KD-16615,Ken Dana,Corporate,2026-08-03 12:39:34.619116
NF-18595,Nicole Fjeld,Home Office,2026-08-03 12:39:34.619116
LF-17185,Luke Foster,Consumer,2026-08-03 12:39:34.619116
TS-21610,Troy Staebel,Consumer,2026-08-03 12:39:34.619116
MP-17965,Michael Paige,Corporate,2026-08-03 12:39:34.619116
AH-10465,Amy Hunt,Consumer,2026-08-03 12:39:34.619116
SN-20710,Steve Nguyen,Home Office,2026-08-03 12:39:34.619116
ZC-21910,Zuschuss Carroll,Consumer,2026-08-03 12:39:34.619116
JE-15475,Jeremy Ellison,Consumer,2026-08-03 12:39:34.619116
ME-18010,Michelle Ellison,Corporate,2026-08-03 12:39:34.619116
HE-14800,Harold Engle,Corporate,2026-08-03 12:39:34.619116
BT-11395,Bill Tyler,Corporate,2026-08-03 12:39:34.619116
KB-16315,Karl Braun,Consumer,2026-08-03 12:39:34.619116
SC-20260,Scott Cohen,Corporate,2026-08-03 12:39:34.619116
CR-12820,Cyra Reiten,Home Office,2026-08-03 12:39:34.619116
TP-21415,Tom Prescott,Consumer,2026-08-03 12:39:34.619116
SC-20695,Steve Chapman,Corporate,2026-08-03 12:39:34.619116
CP-12085,Cathy Prescott,Corporate,2026-08-03 12:39:34.619116
ML-17755,Max Ludwig,Home Office,2026-08-03 12:39:34.619116
EG-13900,Emily Grady,Consumer,2026-08-03 12:39:34.619116
MH-17290,Marc Harrigan,Home Office,2026-08-03 12:39:34.619116
KT-16480,Kean Thornton,Consumer,2026-08-03 12:39:34.619116
AW-10930,Arthur Wiediger,Home Office,2026-08-03 12:39:34.619116
JW-15955,Joni Wasserman,Consumer,2026-08-03 12:39:34.619116
JF-15190,Jamie Frazer,Consumer,2026-08-03 12:39:34.619116
RS-19420,Ricardo Sperren,Corporate,2026-08-03 12:39:34.619116
PB-19150,Philip Brown,Consumer,2026-08-03 12:39:34.619116
DK-13375,Dennis Kane,Consumer,2026-08-03 12:39:34.619116
MG-17890,Michael Granlund,Home Office,2026-08-03 12:39:34.619116
TT-21070,Ted Trevino,Consumer,2026-08-03 12:39:34.619116
SW-20245,Scot Wooten,Consumer,2026-08-03 12:39:34.619116
SS-20410,Shahid Shariari,Consumer,2026-08-03 12:39:34.619116
MH-18025,Michelle Huthwaite,Consumer,2026-08-03 12:39:34.619116
CM-12115,Chad McGuire,Consumer,2026-08-03 12:39:34.619116
DJ-13420,Denny Joy,Corporate,2026-08-03 12:39:34.619116
BP-11050,Barry Pond,Corporate,2026-08-03 12:39:34.619116
DS-13030,Darrin Sayre,Home Office,2026-08-03 12:39:34.619116
CD-11980,Carol Darley,Consumer,2026-08-03 12:39:34.619116
TH-21235,Tiffany House,Corporate,2026-08-03 12:39:34.619116
SV-20785,Stewart Visinsky,Consumer,2026-08-03 12:39:34.619116
NK-18490,Neil Knudson,Home Office,2026-08-03 12:39:34.619116
MA-17560,Matt Abelman,Home Office,2026-08-03 12:39:34.619116
EM-13825,Elizabeth Moffitt,Corporate,2026-08-03 12:39:34.619116
KC-16675,Kimberly Carter,Corporate,2026-08-03 12:39:34.619116
DW-13585,Dorothy Wardle,Corporate,2026-08-03 12:39:34.619116
AS-10135,Adrian Shami,Home Office,2026-08-03 12:39:34.619116
CM-12655,Corinna Mitchell,Home Office,2026-08-03 12:39:34.619116
JG-15115,Jack Garza,Consumer,2026-08-03 12:39:34.619116
HR-14770,Hallie Redmond,Home Office,2026-08-03 12:39:34.619116
BH-11710,Brosina Hoffman,Consumer,2026-08-03 12:39:34.619116
BF-11275,Beth Fritzler,Corporate,2026-08-03 12:39:34.619116
TC-21145,Theresa Coyne,Corporate,2026-08-03 12:39:34.619116
GD-14590,Giulietta Dortch,Corporate,2026-08-03 12:39:34.619116
BS-11755,Bruce Stewart,Consumer,2026-08-03 12:39:34.619116
KM-16375,Katherine Murray,Home Office,2026-08-03 12:39:34.619116
ST-20530,Shui Tom,Consumer,2026-08-03 12:39:34.619116
LS-17230,Lycoris Saunders,Consumer,2026-08-03 12:39:34.619116
CG-12040,Catherine Glotzbach,Home Office,2026-08-03 12:39:34.619116
KB-16585,Ken Black,Corporate,2026-08-03 12:39:34.619116
KD-16270,Karen Daniels,Consumer,2026-08-03 12:39:34.619116
EM-14200,Evan Minnotte,Home Office,2026-08-03 12:39:34.619116
PM-19135,Peter McVee,Home Office,2026-08-03 12:39:34.619116
RW-19690,Robert Waldorf,Consumer,2026-08-03 12:39:34.619116
RM-19750,Roland Murray,Consumer,2026-08-03 12:39:34.619116
AB-10150,Aimee Bixby,Consumer,2026-08-03 12:39:34.619116
DV-13045,Darrin Van Huff,Corporate,2026-08-03 12:39:34.619116
GZ-14545,George Zrebassa,Corporate,2026-08-03 12:39:34.619116
BT-11485,Brad Thomas,Home Office,2026-08-03 12:39:34.619116
RH-19495,Rick Hansen,Consumer,2026-08-03 12:39:34.619116
BD-11635,Brian Derr,Consumer,2026-08-03 12:39:34.619116
LO-17170,Lori Olson,Corporate,2026-08-03 12:39:34.619116
BD-11320,Bill Donatelli,Consumer,2026-08-03 12:39:34.619116
AG-10390,Allen Goldenen,Consumer,2026-08-03 12:39:34.619116
DR-12940,Daniel Raglin,Home Office,2026-08-03 12:39:34.619116
VG-21790,Vivek Gonzalez,Consumer,2026-08-03 12:39:34.619116
SW-20455,Shaun Weien,Consumer,2026-08-03 12:39:34.619116
GP-14740,Guy Phonely,Corporate,2026-08-03 12:39:34.619116
XP-21865,Xylona Preis,Consumer,2026-08-03 12:39:34.619116
JC-15340,Jasper Cacioppo,Consumer,2026-08-03 12:39:34.619116
RM-19675,Robert Marley,Home Office,2026-08-03 12:39:34.619116
VF-21715,Vicky Freymann,Home Office,2026-08-03 12:39:34.619116
JS-15595,Jill Stevenson,Corporate,2026-08-03 12:39:34.619116
BN-11515,Bradley Nguyen,Consumer,2026-08-03 12:39:34.619116
RK-19300,Ralph Kennedy,Consumer,2026-08-03 12:39:34.619116
MS-17770,Maxwell Schwartz,Consumer,2026-08-03 12:39:34.619116
YC-21895,Yoseph Carroll,Corporate,2026-08-03 12:39:34.619116
FC-14335,Fred Chung,Corporate,2026-08-03 12:39:34.619116
TB-21355,Todd Boyes,Corporate,2026-08-03 12:39:34.619116
DG-13300,Deirdre Greer,Corporate,2026-08-03 12:39:34.619116
MG-17695,Maureen Gnade,Consumer,2026-08-03 12:39:34.619116
CJ-11875,Carl Jackson,Corporate,2026-08-03 12:39:34.619116
BM-11140,Becky Martin,Consumer,2026-08-03 12:39:34.619116
PC-18745,Pamela Coakley,Corporate,2026-08-03 12:39:34.619116
LD-17005,Lisa DeCherney,Consumer,2026-08-03 12:39:34.619116
AS-10090,Adam Shillingsburg,Consumer,2026-08-03 12:39:34.619116
JK-15205,Jamie Kunitz,Consumer,2026-08-03 12:39:34.619116
AY-10555,Andy Yotov,Corporate,2026-08-03 12:39:34.619116
ES-14020,Erica Smith,Consumer,2026-08-03 12:39:34.619116
AR-10570,Anemone Ratner,Consumer,2026-08-03 12:39:34.619116
SG-20605,Speros Goranitis,Consumer,2026-08-03 12:39:34.619116
LP-17080,Liz Pelletier,Consumer,2026-08-03 12:39:34.619116
FG-14260,Frank Gastineau,Home Office,2026-08-03 12:39:34.619116
MC-17425,Mark Cousins,Corporate,2026-08-03 12:39:34.619116
PR-18880,Patrick Ryan,Consumer,2026-08-03 12:39:34.619116
DW-13195,David Wiener,Corporate,2026-08-03 12:39:34.619116
KE-16420,Katrina Edelman,Corporate,2026-08-03 12:39:34.619116
SS-20140,Saphhira Shifley,Corporate,2026-08-03 12:39:34.619116
SV-20935,Susan Vittorini,Consumer,2026-08-03 12:39:34.619116
PJ-18835,Patrick Jones,Corporate,2026-08-03 12:39:34.619116
SG-20890,Susan Gilcrest,Corporate,2026-08-03 12:39:34.619116
TS-21505,Tony Sayre,Consumer,2026-08-03 12:39:34.619116
KH-16510,Keith Herrera,Consumer,2026-08-03 12:39:34.619116
BD-11620,Brian DeCherney,Consumer,2026-08-03 12:39:34.619116
SM-20005,Sally Matthias,Consumer,2026-08-03 12:39:34.619116
RB-19330,Randy Bradley,Consumer,2026-08-03 12:39:34.619116
AB-10255,Alejandro Ballentine,Home Office,2026-08-03 12:39:34.619116
CS-12400,Christopher Schild,Home Office,2026-08-03 12:39:34.619116
SS-20875,Sung Shariari,Consumer,2026-08-03 12:39:34.619116
NC-18535,Nick Crebassa,Corporate,2026-08-03 12:39:34.619116
PF-19120,Peter Fuller,Consumer,2026-08-03 12:39:34.619116
CA-12055,Cathy Armstrong,Home Office,2026-08-03 12:39:34.619116
AB-10165,Alan Barnes,Consumer,2026-08-03 12:39:34.619116
PO-18865,Patrick O'Donnell,Consumer,2026-08-03 12:39:34.619116
EB-13870,Emily Burns,Consumer,2026-08-03 12:39:34.619116
AC-10615,Ann Chong,Corporate,2026-08-03 12:39:34.619116
DH-13675,Duane Huffman,Home Office,2026-08-03 12:39:34.619116
MH-17440,Mark Haberlin,Corporate,2026-08-03 12:39:34.619116
EB-13975,Erica Bern,Corporate,2026-08-03 12:39:34.619116
LS-16945,Linda Southworth,Corporate,2026-08-03 12:39:34.619116
CV-12295,Christina VanderZanden,Consumer,2026-08-03 12:39:34.619116
JL-15850,John Lucas,Consumer,2026-08-03 12:39:34.619116
TB-21175,Thomas Boland,Corporate,2026-08-03 12:39:34.619116
SM-20320,Sean Miller,Home Office,2026-08-03 12:39:34.619116
GH-14410,Gary Hansen,Home Office,2026-08-03 12:39:34.619116
TS-21205,Thomas Seio,Corporate,2026-08-03 12:39:34.619116
LW-17125,Liz Willingham,Consumer,2026-08-03 12:39:34.619116
SL-20155,Sara Luxemburg,Home Office,2026-08-03 12:39:34.619116
HM-14980,Henry MacAllister,Consumer,2026-08-03 12:39:34.619116
ML-18040,Michelle Lonsdale,Corporate,2026-08-03 12:39:34.619116
LS-17245,Lynn Smith,Consumer,2026-08-03 12:39:34.619116
CS-12175,Charles Sheldon,Corporate,2026-08-03 12:39:34.619116
LH-16750,Larry Hughes,Consumer,2026-08-03 12:39:34.619116
MG-17680,Maureen Gastineau,Home Office,2026-08-03 12:39:34.619116
SW-20350,Sean Wendt,Home Office,2026-08-03 12:39:34.619116
GM-14440,Gary McGarr,Consumer,2026-08-03 12:39:34.619116
PF-19165,Philip Fox,Consumer,2026-08-03 12:39:34.619116
SB-20185,Sarah Brown,Consumer,2026-08-03 12:39:34.619116
HL-15040,Hunter Lopez,Consumer,2026-08-03 12:39:34.619116
CC-12610,Corey Catlett,Corporate,2026-08-03 12:39:34.619116
RD-19900,Ruben Dartt,Consumer,2026-08-03 12:39:34.619116
CC-12430,Chuck Clark,Home Office,2026-08-03 12:39:34.619116
AC-10660,Anna Chung,Consumer,2026-08-03 12:39:34.619116
DS-13180,David Smith,Corporate,2026-08-03 12:39:34.619116
LB-16795,Laurel Beltran,Home Office,2026-08-03 12:39:34.619116
ER-13855,Elpida Rittenbach,Corporate,2026-08-03 12:39:34.619116
CK-12595,Clytie Kelty,Consumer,2026-08-03 12:39:34.619116
TH-21550,Tracy Hopkins,Home Office,2026-08-03 12:39:34.619116
TS-21430,Tom Stivers,Corporate,2026-08-03 12:39:34.619116
EN-13780,Edward Nazzal,Consumer,2026-08-03 12:39:34.619116
DB-13210,Dean Braden,Consumer,2026-08-03 12:39:34.619116
CS-12130,Chad Sievert,Consumer,2026-08-03 12:39:34.619116
PS-18760,Pamela Stobb,Consumer,2026-08-03 12:39:34.619116
AJ-10795,Anthony Johnson,Corporate,2026-08-03 12:39:34.619116
PV-18985,Paul Van Hugh,Home Office,2026-08-03 12:39:34.619116
RA-19285,Ralph Arnett,Consumer,2026-08-03 12:39:34.619116
NB-18580,Nicole Brennan,Corporate,2026-08-03 12:39:34.619116
MP-17470,Mark Packer,Home Office,2026-08-03 12:39:34.619116
AG-10300,Aleksandra Gannaway,Corporate,2026-08-03 12:39:34.619116
HG-14965,Henry Goldwyn,Corporate,2026-08-03 12:39:34.619116
EP-13915,Emily Phan,Consumer,2026-08-03 12:39:34.619116
JR-15670,Jim Radford,Consumer,2026-08-03 12:39:34.619116
DB-13360,Dennis Bolton,Home Office,2026-08-03 12:39:34.619116
LC-17050,Liz Carlisle,Consumer,2026-08-03 12:39:34.619116
DD-13570,Dorothy Dickinson,Consumer,2026-08-03 12:39:34.619116
AB-10600,Ann Blume,Corporate,2026-08-03 12:39:34.619116
VM-21685,Valerie Mitchum,Home Office,2026-08-03 12:39:34.619116
KT-16465,Kean Takahito,Consumer,2026-08-03 12:39:34.619116
FO-14305,Frank Olsen,Consumer,2026-08-03 12:39:34.619116
DB-13405,Denny Blanton,Consumer,2026-08-03 12:39:34.619116
MM-17920,Michael Moore,Consumer,2026-08-03 12:39:34.619116
HH-15010,Hilary Holden,Corporate,2026-08-03 12:39:34.619116
SM-20905,Susan MacKendrick,Consumer,2026-08-03 12:39:34.619116
GH-14485,Gene Hale,Corporate,2026-08-03 12:39:34.619116
SR-20425,Sharelle Roach,Home Office,2026-08-03 12:39:34.619116
HZ-14950,Henia Zydlo,Consumer,2026-08-03 12:39:34.619116
NC-18340,Nat Carroll,Consumer,2026-08-03 12:39:34.619116
JD-16060,Julia Dunbar,Consumer,2026-08-03 12:39:34.619116
BF-11005,Barry Franz,Home Office,2026-08-03 12:39:34.619116
VM-21835,Vivian Mathis,Consumer,2026-08-03 12:39:34.619116
JB-16000,Joy Bell-,Consumer,2026-08-03 12:39:34.619116
NB-18655,Nona Balk,Corporate,2026-08-03 12:39:34.619116
TC-21295,Toby Carlisle,Consumer,2026-08-03 12:39:34.619116
TB-21520,Tracy Blumstein,Consumer,2026-08-03 12:39:34.619116
MC-17590,Matt Collister,Corporate,2026-08-03 12:39:34.619116
DB-13060,Dave Brooks,Consumer,2026-08-03 12:39:34.619116
MH-17620,Matt Hagelstein,Corporate,2026-08-03 12:39:34.619116
KC-16540,Kelly Collister,Consumer,2026-08-03 12:39:34.619116
JR-15700,Jocasta Rupert,Consumer,2026-08-03 12:39:34.619116
EM-13810,Eleni McCrary,Corporate,2026-08-03 12:39:34.619116
ON-18715,Odella Nelson,Corporate,2026-08-03 12:39:34.619116
JE-16165,Justin Ellison,Corporate,2026-08-03 12:39:34.619116
MB-18085,Mick Brown,Consumer,2026-08-03 12:39:34.619116
IM-15055,Ionia McGrath,Consumer,2026-08-03 12:39:34.619116
MO-17800,Meg O'Connel,Home Office,2026-08-03 12:39:34.619116
FM-14290,Frank Merwin,Home Office,2026-08-03 12:39:34.619116
WB-21850,William Brown,Consumer,2026-08-03 12:39:34.619116
MV-17485,Mark Van Huff,Consumer,2026-08-03 12:39:34.619116
TB-21595,Troy Blackwell,Consumer,2026-08-03 12:39:34.619116
AB-10105,Adrian Barton,Consumer,2026-08-03 12:39:34.619116
TB-21055,Ted Butterfield,Consumer,2026-08-03 12:39:34.619116
BB-10990,Barry Blumstein,Corporate,2026-08-03 12:39:34.619116
TB-21190,Thomas Brumley,Home Office,2026-08-03 12:39:34.619116
VP-21760,Victoria Pisteka,Corporate,2026-08-03 12:39:34.619116
RS-19765,Roland Schwarz,Corporate,2026-08-03 12:39:34.619116
MY-17380,Maribeth Yedwab,Corporate,2026-08-03 12:39:34.619116
PB-19210,Phillip Breyer,Corporate,2026-08-03 12:39:34.619116
JA-15970,Joseph Airdo,Consumer,2026-08-03 12:39:34.619116
BW-11200,Ben Wallace,Consumer,2026-08-03 12:39:34.619116
BK-11260,Berenike Kampe,Consumer,2026-08-03 12:39:34.619116
JL-15130,Jack Lebron,Consumer,2026-08-03 12:39:34.619116
BP-11185,Ben Peterman,Corporate,2026-08-03 12:39:34.619116
SV-20365,Seth Vernon,Consumer,2026-08-03 12:39:34.619116
DP-13105,Dave Poirier,Corporate,2026-08-03 12:39:34.619116
QJ-19255,Quincy Jones,Corporate,2026-08-03 12:39:34.619116
LP-17095,Liz Preis,Consumer,2026-08-03 12:39:34.619116
SJ-20215,Sarah Jordon,Consumer,2026-08-03 12:39:34.619116
MA-17995,Michelle Arnett,Home Office,2026-08-03 12:39:34.619116
DJ-13510,Don Jones,Corporate,2026-08-03 12:39:34.619116
DB-13270,Deborah Brumfield,Home Office,2026-08-03 12:39:34.619116
RB-19795,Ross Baird,Home Office,2026-08-03 12:39:34.619116
PS-18970,Paul Stevenson,Home Office,2026-08-03 12:39:34.619116
HD-14785,Harold Dahlen,Home Office,2026-08-03 12:39:34.619116
EH-13945,Eric Hoffmann,Consumer,2026-08-03 12:39:34.619116
NL-18310,Nancy Lomonaco,Home Office,2026-08-03 12:39:34.619116
LH-16900,Lena Hernandez,Consumer,2026-08-03 12:39:34.619116
NH-18610,Nicole Hansen,Corporate,2026-08-03 12:39:34.619116
MK-17905,Michael Kennedy,Corporate,2026-08-03 12:39:34.619116
DB-13615,Doug Bickford,Consumer,2026-08-03 12:39:34.619116
CA-12775,Cynthia Arntzen,Consumer,2026-08-03 12:39:34.619116
TB-21625,Trudy Brown,Consumer,2026-08-03 12:39:34.619116
DK-13150,David Kendrick,Corporate,2026-08-03 12:39:34.619116
NS-18640,Noel Staavos,Corporate,2026-08-03 12:39:34.619116
SZ-20035,Sam Zeldin,Home Office,2026-08-03 12:39:34.619116
SF-20065,Sandra Flanagan,Consumer,2026-08-03 12:39:34.619116
KB-16240,Karen Bern,Corporate,2026-08-03 12:39:34.619116
LC-16870,Lena Cacioppo,Consumer,2026-08-03 12:39:34.619116
RR-19525,Rick Reed,Corporate,2026-08-03 12:39:34.619116
CR-12730,Craig Reiter,Consumer,2026-08-03 12:39:34.619116
SF-20200,Sarah Foster,Consumer,2026-08-03 12:39:34.619116
TA-21385,Tom Ashbrook,Home Office,2026-08-03 12:39:34.619116
Dp-13240,Dean percer,Home Office,2026-08-03 12:39:34.619116
FW-14395,Fred Wasserman,Corporate,2026-08-03 12:39:34.619116
SB-20290,Sean Braxton,Corporate,2026-08-03 12:39:34.619116
RB-19360,Raymond Buch,Consumer,2026-08-03 12:39:34.619116
AA-10375,Allen Armold,Consumer,2026-08-03 12:39:34.619116
HR-14830,Harold Ryan,Corporate,2026-08-03 12:39:34.619116
DJ-13630,Doug Jacobs,Consumer,2026-08-03 12:39:34.619116
SO-20335,Sean O'Donnell,Consumer,2026-08-03 12:39:34.619116
MH-18115,Mick Hernandez,Home Office,2026-08-03 12:39:34.619116
KW-16435,Katrina Willman,Consumer,2026-08-03 12:39:34.619116
RA-19945,Ryan Akin,Consumer,2026-08-03 12:39:34.619116
KD-16345,Katherine Ducich,Consumer,2026-08-03 12:39:34.619116
PG-18895,Paul Gonzalez,Consumer,2026-08-03 12:39:34.619116
MJ-17740,Max Jones,Consumer,2026-08-03 12:39:34.619116
HP-14815,Harold Pawlan,Home Office,2026-08-03 12:39:34.619116
BT-11530,Bradley Talbott,Home Office,2026-08-03 12:39:34.619116
MS-17830,Melanie Seite,Consumer,2026-08-03 12:39:34.619116
AJ-10960,Astrea Jones,Consumer,2026-08-03 12:39:34.619116
AG-10330,Alex Grayson,Consumer,2026-08-03 12:39:34.619116
AJ-10780,Anthony Jacobs,Corporate,2026-08-03 12:39:34.619116
AH-10120,Adrian Hane,Home Office,2026-08-03 12:39:34.619116
NW-18400,Natalie Webber,Consumer,2026-08-03 12:39:34.619116
ND-18370,Natalie DeCherney,Consumer,2026-08-03 12:39:34.619116
ML-17410,Maris LaWare,Consumer,2026-08-03 12:39:34.619116
MC-18100,Mick Crebagga,Consumer,2026-08-03 12:39:34.619116
GG-14650,Greg Guthrie,Corporate,2026-08-03 12:39:34.619116
SC-20575,Sonia Cooley,Consumer,2026-08-03 12:39:34.619116
AB-10060,Adam Bellavance,Home Office,2026-08-03 12:39:34.619116
LT-17110,Liz Thompson,Consumer,2026-08-03 12:39:34.619116
AO-10810,Anthony O'Donnell,Corporate,2026-08-03 12:39:34.619116
KF-16285,Karen Ferguson,Home Office,2026-08-03 12:39:34.619116
AA-10480,Andrew Allen,Consumer,2026-08-03 12:39:34.619116
PC-19000,Pauline Chand,Home Office,2026-08-03 12:39:34.619116
BS-11665,Brian Stugart,Consumer,2026-08-03 12:39:34.619116
PK-19075,Pete Kriz,Consumer,2026-08-03 12:39:34.619116
ML-17395,Marina Lichtenstein,Corporate,2026-08-03 12:39:34.619116
RB-19435,Richard Bierner,Consumer,2026-08-03 12:39:34.619116
SC-20725,Steven Cartwright,Consumer,2026-08-03 12:39:34.619116
CM-12385,Christopher Martinez,Consumer,2026-08-03 12:39:34.619116
SP-20650,Stephanie Phelps,Corporate,2026-08-03 12:39:34.619116
GA-14725,Guy Armstrong,Consumer,2026-08-03 12:39:34.619116
JO-15550,Jesus Ocampo,Home Office,2026-08-03 12:39:34.619116
MP-18175,Mike Pelletier,Home Office,2026-08-03 12:39:34.619116
PP-18955,Paul Prost,Home Office,2026-08-03 12:39:34.619116
MB-17305,Maria Bertelson,Consumer,2026-08-03 12:39:34.619116
AJ-10945,Ashley Jarboe,Consumer,2026-08-03 12:39:34.619116
JO-15145,Jack O'Briant,Corporate,2026-08-03 12:39:34.619116
EA-14035,Erin Ashbrook,Corporate,2026-08-03 12:39:34.619116
PB-18805,Patrick Bzostek,Home Office,2026-08-03 12:39:34.619116
CT-11995,Carol Triggs,Consumer,2026-08-03 12:39:34.619116
MM-18280,Muhammed MacIntyre,Corporate,2026-08-03 12:39:34.619116
CK-12760,Cyma Kinney,Corporate,2026-08-03 12:39:34.619116
GB-14575,Giulietta Baptist,Consumer,2026-08-03 12:39:34.619116
BT-11305,Beth Thompson,Home Office,2026-08-03 12:39:34.619116
JG-15160,James Galang,Consumer,2026-08-03 12:39:34.619116
LE-16810,Laurel Elliston,Consumer,2026-08-03 12:39:34.619116
TG-21310,Toby Gnade,Consumer,2026-08-03 12:39:34.619116
HK-14890,Heather Kirkland,Corporate,2026-08-03 12:39:34.619116
CY-12745,Craig Yedwab,Corporate,2026-08-03 12:39:34.619116
TS-21655,Trudy Schmidt,Consumer,2026-08-03 12:39:34.619116
CM-12235,Chris McAfee,Consumer,2026-08-03 12:39:34.619116
RO-19780,Rose O'Brian,Consumer,2026-08-03 12:39:34.619116
FA-14230,Frank Atkinson,Corporate,2026-08-03 12:39:34.619116
FP-14320,Frank Preis,Consumer,2026-08-03 12:39:34.619116
RB-19705,Roger Barcio,Home Office,2026-08-03 12:39:34.619116
SF-20965,Sylvia Foulston,Corporate,2026-08-03 12:39:34.619116
TC-21535,Tracy Collins,Home Office,2026-08-03 12:39:34.619116
ML-18265,Muhammed Lee,Consumer,2026-08-03 12:39:34.619116
JK-15370,Jay Kimmel,Consumer,2026-08-03 12:39:34.619116
AD-10180,Alan Dominguez,Home Office,2026-08-03 12:39:34.619116
CV-12805,Cynthia Voltz,Corporate,2026-08-03 12:39:34.619116
KH-16330,Katharine Harms,Corporate,2026-08-03 12:39:34.619116
CD-11920,Carlos Daly,Consumer,2026-08-03 12:39:34.619116
MT-18070,Michelle Tran,Home Office,2026-08-03 12:39:34.619116
AG-10675,Anna Gayman,Consumer,2026-08-03 12:39:34.619116
SH-20395,Shahid Hopkins,Consumer,2026-08-03 12:39:34.619116
TT-21220,Thomas Thornton,Consumer,2026-08-03 12:39:34.619116
AR-10540,Andy Reiter,Consumer,2026-08-03 12:39:34.619116
ND-18460,Neil Ducich,Corporate,2026-08-03 12:39:34.619116
PM-18940,Paul MacIntyre,Consumer,2026-08-03 12:39:34.619116
ZD-21925,Zuschuss Donatelli,Consumer,2026-08-03 12:39:34.619116
HA-14920,Helen Andreada,Consumer,2026-08-03 12:39:34.619116
NF-18475,Neil Französisch,Home Office,2026-08-03 12:39:34.619116
HG-14845,Harry Greene,Consumer,2026-08-03 12:39:34.619116
CB-12535,Claudia Bergmann,Corporate,2026-08-03 12:39:34.619116
NM-18520,Neoma Murray,Consumer,2026-08-03 12:39:34.619116
JJ-15445,Jennifer Jackson,Consumer,2026-08-03 12:39:34.619116
HJ-14875,Heather Jas,Home Office,2026-08-03 12:39:34.619116
SC-20800,Stuart Calhoun,Consumer,2026-08-03 12:39:34.619116
VP-21730,Victor Preis,Home Office,2026-08-03 12:39:34.619116
JD-16150,Justin Deggeller,Corporate,2026-08-03 12:39:34.619116
LT-16765,Larry Tron,Consumer,2026-08-03 12:39:34.619116
JH-15985,Joseph Holt,Consumer,2026-08-03 12:39:34.619116
JB-15400,Jennifer Braxton,Corporate,2026-08-03 12:39:34.619116
SU-20665,Stephanie Ulpright,Home Office,2026-08-03 12:39:34.619116
DH-13075,Dave Hallsten,Corporate,2026-08-03 12:39:34.619116
JS-15685,Jim Sink,Corporate,2026-08-03 12:39:34.619116
JD-15790,John Dryer,Consumer,2026-08-03 12:39:34.619116
PA-19060,Pete Armstrong,Home Office,2026-08-03 12:39:34.619116
DO-13435,Denny Ordway,Consumer,2026-08-03 12:39:34.619116
AG-10495,Andrew Gjertsen,Corporate,2026-08-03 12:39:34.619116
SE-20110,Sanjit Engle,Consumer,2026-08-03 12:39:34.619116
JK-15625,Jim Karlsson,Consumer,2026-08-03 12:39:34.619116
KC-16255,Karen Carlisle,Corporate,2026-08-03 12:39:34.619116
FC-14245,Frank Carlisle,Home Office,2026-08-03 12:39:34.619116
DN-13690,Duane Noonan,Consumer,2026-08-03 12:39:34.619116
MD-17860,Michael Dominguez,Corporate,2026-08-03 12:39:34.619116
KN-16705,Kristina Nunn,Home Office,2026-08-03 12:39:34.619116
CB-12415,Christy Brittain,Consumer,2026-08-03 12:39:34.619116
DL-13315,Delfina Latchford,Consumer,2026-08-03 12:39:34.619116
RW-19540,Rick Wilson,Corporate,2026-08-03 12:39:34.619116
GK-14620,Grace Kelly,Corporate,2026-08-03 12:39:34.619116
DB-13120,David Bremer,Corporate,2026-08-03 12:39:34.619116
DC-13285,Debra Catini,Consumer,2026-08-03 12:39:34.619116
DV-13465,Dianna Vittorini,Consumer,2026-08-03 12:39:34.619116
PW-19240,Pierre Wener,Consumer,2026-08-03 12:39:34.619116
BT-11680,Brian Thompson,Consumer,2026-08-03 12:39:34.619116
BF-10975,Barbara Fisher,Corporate,2026-08-03 12:39:34.619116
EH-13765,Edward Hooks,Corporate,2026-08-03 12:39:34.619116
BM-11650,Brian Moss,Corporate,2026-08-03 12:39:34.619116
TS-21370,Todd Sumrall,Corporate,2026-08-03 12:39:34.619116
MC-17605,Matt Connell,Corporate,2026-08-03 12:39:34.619116
NC-18415,Nathan Cano,Consumer,2026-08-03 12:39:34.619116
GH-14425,Gary Hwang,Consumer,2026-08-03 12:39:34.619116
CS-12355,Christine Sundaresam,Consumer,2026-08-03 12:39:34.619116
VD-21670,Valerie Dominguez,Consumer,2026-08-03 12:39:34.619116
VS-21820,Vivek Sundaresam,Consumer,2026-08-03 12:39:34.619116
CC-12670,Craig Carreira,Consumer,2026-08-03 12:39:34.619116
DL-13330,Denise Leinenbach,Consumer,2026-08-03 12:39:34.619116
CJ-12010,Caroline Jumper,Consumer,2026-08-03 12:39:34.619116
GW-14605,Giulietta Weimer,Consumer,2026-08-03 12:39:34.619116
ME-17725,Max Engle,Consumer,2026-08-03 12:39:34.619116
PB-19105,Peter Bühler,Consumer,2026-08-03 12:39:34.619116
KS-16300,Karen Seio,Corporate,2026-08-03 12:39:34.619116
CC-12550,Clay Cheatham,Consumer,2026-08-03 12:39:34.619116
TS-21160,Theresa Swint,Corporate,2026-08-03 12:39:34.619116
LC-16885,Lena Creighton,Consumer,2026-08-03 12:39:34.619116
LS-16975,Lindsay Shagiari,Home Office,2026-08-03 12:39:34.619116
BM-11575,Brendan Murry,Corporate,2026-08-03 12:39:34.619116
MO-17500,Mary O'Rourke,Consumer,2026-08-03 12:39:34.619116
AS-10225,Alan Schoenberger,Corporate,2026-08-03 12:39:34.619116
DA-13450,Dianna Arnett,Home Office,2026-08-03 12:39:34.619116
PS-19045,Penelope Sewall,Home Office,2026-08-03 12:39:34.619116
RF-19840,Roy Französisch,Consumer,2026-08-03 12:39:34.619116
TZ-21580,Tracy Zic,Consumer,2026-08-03 12:39:34.619116
IG-15085,Ivan Gibson,Consumer,2026-08-03 12:39:34.619116
BE-11410,Bobby Elias,Consumer,2026-08-03 12:39:34.619116
AP-10720,Anne Pryor,Home Office,2026-08-03 12:39:34.619116
RH-19555,Ritsa Hightower,Consumer,2026-08-03 12:39:34.619116
LR-16915,Lena Radford,Consumer,2026-08-03 12:39:34.619116
TB-21250,Tim Brockman,Consumer,2026-08-03 12:39:34.619116
JH-16180,Justin Hirsh,Consumer,2026-08-03 12:39:34.619116
PF-19225,Phillip Flathmann,Consumer,2026-08-03 12:39:34.619116
RB-19465,Rick Bensley,Home Office,2026-08-03 12:39:34.619116
EH-13990,Erica Hackney,Consumer,2026-08-03 12:39:34.619116
JF-15490,Jeremy Farry,Consumer,2026-08-03 12:39:34.619116
SV-20815,Stuart Van,Corporate,2026-08-03 12:39:34.619116
CS-12460,Chuck Sachs,Consumer,2026-08-03 12:39:34.619116
CM-12445,Chuck Magee,Consumer,2026-08-03 12:39:34.619116
KH-16360,Katherine Hughes,Consumer,2026-08-03 12:39:34.619116
KM-16660,Khloe Miller,Consumer,2026-08-03 12:39:34.619116
LH-17020,Lisa Hazard,Consumer,2026-08-03 12:39:34.619116
CD-12790,Cynthia Delaney,Home Office,2026-08-03 12:39:34.619116
SS-20515,Shirley Schmidt,Home Office,2026-08-03 12:39:34.619116
CP-12340,Christine Phan,Corporate,2026-08-03 12:39:34.619116
DM-13345,Denise Monton,Corporate,2026-08-03 12:39:34.619116
EM-14065,Erin Mull,Consumer,2026-08-03 12:39:34.619116
SH-19975,Sally Hughsby,Corporate,2026-08-03 12:39:34.619116
BE-11455,Brad Eason,Home Office,2026-08-03 12:39:34.619116
BW-11110,Bart Watters,Corporate,2026-08-03 12:39:34.619116
MH-17455,Mark Hamilton,Consumer,2026-08-03 12:39:34.619116
AF-10885,Art Foster,Consumer,2026-08-03 12:39:34.619116
RD-19810,Ross DeVincentis,Home Office,2026-08-03 12:39:34.619116
AB-10015,Aaron Bergman,Consumer,2026-08-03 12:39:34.619116
RB-19645,Robert Barroso,Corporate,2026-08-03 12:39:34.619116
AS-10630,Ann Steele,Home Office,2026-08-03 12:39:34.619116
GT-14635,Grant Thornton,Corporate,2026-08-03 12:39:34.619116
GR-14560,Georgia Rosenberg,Corporate,2026-08-03 12:39:34.619116
JS-15880,John Stevenson,Consumer,2026-08-03 12:39:34.619116
AA-10645,Anna Andreadi,Consumer,2026-08-03 12:39:34.619116
HM-14860,Harry Marie,Corporate,2026-08-03 12:39:34.619116
AT-10735,Annie Thurman,Consumer,2026-08-03 12:39:34.619116
SN-20560,Skye Norling,Home Office,2026-08-03 12:39:34.619116
KH-16690,Kristen Hastings,Corporate,2026-08-03 12:39:34.619116
LS-17200,Luke Schmidt,Corporate,2026-08-03 12:39:34.619116
RL-19615,Rob Lucas,Consumer,2026-08-03 12:39:34.619116
ES-14080,Erin Smith,Corporate,2026-08-03 12:39:34.619116
TC-21475,Tony Chapman,Home Office,2026-08-03 12:39:34.619116
AG-10525,Andy Gerbode,Corporate,2026-08-03 12:39:34.619116
JW-16075,Julia West,Consumer,2026-08-03 12:39:34.619116
EJ-14155,Eva Jacobs,Consumer,2026-08-03 12:39:34.619116
JK-15325,Jason Klamczynski,Corporate,2026-08-03 12:39:34.619116
NP-18685,Nora Pelletier,Home Office,2026-08-03 12:39:34.619116
NP-18700,Nora Preis,Consumer,2026-08-03 12:39:34.619116
JH-15820,John Huston,Consumer,2026-08-03 12:39:34.619116
JM-15865,John Murray,Consumer,2026-08-03 12:39:34.619116
SP-20545,Sibella Parks,Corporate,2026-08-03 12:39:34.619116
AG-10270,Alejandro Grove,Consumer,2026-08-03 12:39:34.619116
BS-11800,Bryan Spruell,Home Office,2026-08-03 12:39:34.619116
MS-17365,Maribeth Schnelling,Consumer,2026-08-03 12:39:34.619116
JJ-15760,Joel Jenkins,Home Office,2026-08-03 12:39:34.619116
CB-12025,Cassandra Brandow,Consumer,2026-08-03 12:39:34.619116
KM-16720,Kunst Miller,Consumer,2026-08-03 12:39:34.619116
DB-12910,Daniel Byrd,Home Office,2026-08-03 12:39:34.619116
TT-21265,Tim Taslimi,Corporate,2026-08-03 12:39:34.619116
DK-13225,Dean Katz,Corporate,2026-08-03 12:39:34.619116
CG-12520,Claire Gute,Consumer,2026-08-03 12:39:34.619116
AM-10705,Anne McFarland,Consumer,2026-08-03 12:39:34.619116
SC-20440,Shaun Chance,Corporate,2026-08-03 12:39:34.619116
BF-11020,Barry Französisch,Corporate,2026-08-03 12:39:34.619116
TH-21115,Thea Hudgings,Corporate,2026-08-03 12:39:34.619116
MS-17710,Maurice Satty,Consumer,2026-08-03 12:39:34.619116
AR-10405,Allen Rosenblatt,Corporate,2026-08-03 12:39:34.619116
SB-20170,Sarah Bern,Consumer,2026-08-03 12:39:34.619116
JS-16030,Joy Smith,Consumer,2026-08-03 12:39:34.619116
JF-15295,Jason Fortune-,Consumer,2026-08-03 12:39:34.619116
JG-15805,John Grady,Corporate,2026-08-03 12:39:34.619116
AH-10585,Angele Hood,Consumer,2026-08-03 12:39:34.619116
PN-18775,Parhena Norris,Home Office,2026-08-03 12:39:34.619116
RH-19600,Rob Haberlin,Consumer,2026-08-03 12:39:34.619116
CK-12325,Christine Kargatis,Home Office,2026-08-03 12:39:34.619116
SR-20740,Steven Roelle,Home Office,2026-08-03 12:39:34.619116
EM-13960,Eric Murdock,Consumer,2026-08-03 12:39:34.619116
OT-18730,Olvera Toch,Consumer,2026-08-03 12:39:34.619116
SS-20590,Sonia Sunley,Consumer,2026-08-03 12:39:34.619116
RW-19630,Rob Williams,Corporate,2026-08-03 12:39:34.619116
DK-12985,Darren Koutras,Consumer,2026-08-03 12:39:34.619116
TB-21280,Toby Braunhardt,Consumer,2026-08-03 12:39:34.619116
SC-20770,Stewart Carmichael,Corporate,2026-08-03 12:39:34.619116
GT-14710,Greg Tran,Consumer,2026-08-03 12:39:34.619116
PO-19195,Phillina Ober,Home Office,2026-08-03 12:39:34.619116
BD-11560,Brendan Dodson,Home Office,2026-08-03 12:39:34.619116
SP-20920,Susan Pistek,Consumer,2026-08-03 12:39:34.619116
CA-12265,Christina Anderson,Consumer,2026-08-03 12:39:34.619116
DE-13255,Deanra Eno,Home Office,2026-08-03 12:39:34.619116
JF-15355,Jay Fein,Consumer,2026-08-03 12:39:34.619116
MV-18190,Mike Vittorini,Consumer,2026-08-03 12:39:34.619116
DK-12895,Dana Kaydos,Consumer,2026-08-03 12:39:34.619116
SJ-20500,Shirley Jackson,Consumer,2026-08-03 12:39:34.619116
DK-12835,Damala Kotsonis,Corporate,2026-08-03 12:39:34.619116
CM-12190,Charlotte Melton,Consumer,2026-08-03 12:39:34.619116
RP-19270,Rachel Payne,Corporate,2026-08-03 12:39:34.619116
JO-15280,Jas O'Carroll,Consumer,2026-08-03 12:39:34.619116
LC-17140,Logan Currie,Consumer,2026-08-03 12:39:34.619116
JK-16090,Juliana Krohn,Consumer,2026-08-03 12:39:34.619116
BW-11065,Barry Weirich,Consumer,2026-08-03 12:39:34.619116
MK-18160,Mike Kennedy,Consumer,2026-08-03 12:39:34.619116
CM-12715,Craig Molinari,Corporate,2026-08-03 12:39:34.619116
CD-12280,Christina DeMoss,Consumer,2026-08-03 12:39:34.619116
