discount_id,customer_id,discount_type,discount_percentage,start_date,end_date,is_active,created_at
1,LT-16765,Promotional,5.0,2019-01-01,2019-12-31,False,2026-08-06 01:42:54.905785
2,SC-20845,Promotional,5.0,2019-01-01,2019-12-31,False,2026-08-06 01:42:54.905785
3,AC-10615,Seasonal,5.0,2019-01-01,2019-12-31,False,2026-08-06 01:42:54.905785
4,BT-11485,Festival,5.0,2019-01-01,2019-12-31,False,2026-08-06 01:42:54.905785
5,JP-15520,Festival,5.0,2019-01-01,2019-12-31,False,2026-08-06 01:42:54.905785
6,CM-11815,Promotional,5.0,2019-01-01,2019-12-31,False,2026-08-06 01:42:54.905785
7,LB-16735,Seasonal,5.0,2019-01-01,2019-12-31,False,2026-08-06 01:42:54.905785
8,JD-16150,Seasonal,15.0,2019-01-01,2019-12-31,False,2026-08-06 01:42:54.905785
9,JG-15805,Coupon,5.0,2019-01-01,2019-12-31,False,2026-08-06 01:42:54.905785
10,TS-21610,Seasonal,5.0,2019-01-01,2019-12-31,False,2026-08-06 01:42:54.905785
11,RF-19345,Loyalty,5.0,2019-01-01,2019-12-31,False,2026-08-06 01:42:54.905785
12,AZ-10750,Festival,5.0,2019-01-01,2019-12-31,False,2026-08-06 01:42:54.905785
13,CG-12040,Festival,5.0,2019-01-01,2019-12-31,False,2026-08-06 01:42:54.905785
14,TS-21430,Festival,5.0,2019-01-01,2019-12-31,False,2026-08-06 01:42:54.905785
15,TP-21130,Coupon,10.0,2019-01-01,2019-12-31,False,2026-08-06 01:42:54.905785
16,KD-16270,Promotional,15.0,2019-01-01,2019-12-31,False,2026-08-06 01:42:54.905785
17,EM-13810,Coupon,5.0,2019-01-01,2019-12-31,False,2026-08-06 01:42:54.905785
18,AI-10855,Seasonal,10.0,2019-01-01,2019-12-31,False,2026-08-06 01:42:54.905785
19,MH-17290,Promotional,5.0,2019-01-01,2019-12-31,False,2026-08-06 01:42:54.905785
20,MB-17305,Promotional,5.0,2019-01-01,2019-12-31,False,2026-08-06 01:42:54.905785
21,JR-15670,Loyalty,5.0,2019-01-01,2019-12-31,False,2026-08-06 01:42:54.905785
22,JH-16180,Loyalty,5.0,2019-01-01,2019-12-31,False,2026-08-06 01:42:54.905785
23,AB-10060,Seasonal,15.0,2019-01-01,2019-12-31,False,2026-08-06 01:42:54.905785
24,RS-19420,Seasonal,5.0,2019-01-01,2019-12-31,False,2026-08-06 01:42:54.905785
25,AG-10390,Loyalty,5.0,2019-01-01,2019-12-31,False,2026-08-06 01:42:54.905785
26,GK-14620,Seasonal,10.0,2019-01-01,2019-12-31,False,2026-08-06 01:42:54.905785
27,SB-20290,Promotional,15.0,2019-01-01,2019-12-31,False,2026-08-06 01:42:54.905785
28,JS-15880,Seasonal,5.0,2019-01-01,2019-12-31,False,2026-08-06 01:42:54.905785
29,LO-17170,Coupon,5.0,2019-01-01,2019-12-31,False,2026-08-06 01:42:54.905785
30,CR-12625,Seasonal,5.0,2019-01-01,2019-12-31,False,2026-08-06 01:42:54.905785
31,CA-12775,Loyalty,5.0,2019-01-01,2019-12-31,False,2026-08-06 01:42:54.905785
32,AB-10600,Promotional,5.0,2019-01-01,2019-12-31,False,2026-08-06 01:42:54.905785
33,ES-14080,Seasonal,10.0,2019-01-01,2019-12-31,False,2026-08-06 01:42:54.905785
34,AS-10285,Promotional,5.0,2019-01-01,2019-12-31,False,2026-08-06 01:42:54.905785
35,RB-19330,Loyalty,5.0,2019-01-01,2019-12-31,False,2026-08-06 01:42:54.905785
36,HK-14890,Loyalty,10.0,2019-01-01,2019-12-31,False,2026-08-06 01:42:54.905785
37,DK-13090,Seasonal,5.0,2019-01-01,2019-12-31,False,2026-08-06 01:42:54.905785
38,SH-20635,Promotional,5.0,2019-01-01,2019-12-31,False,2026-08-06 01:42:54.905785
39,LL-16840,Seasonal,5.0,2019-01-01,2019-12-31,False,2026-08-06 01:42:54.905785
40,PO-19180,Coupon,10.0,2019-01-01,2019-12-31,False,2026-08-06 01:42:54.905785
41,VG-21805,Seasonal,5.0,2019-01-01,2019-12-31,False,2026-08-06 01:42:54.905785
42,AB-10105,Festival,20.0,2019-01-01,2019-12-31,False,2026-08-06 01:42:54.905785
43,CS-12130,Coupon,5.0,2019-01-01,2019-12-31,False,2026-08-06 01:42:54.905785
44,MO-17800,Loyalty,5.0,2019-01-01,2019-12-31,False,2026-08-06 01:42:54.905785
45,CB-12025,Coupon,10.0,2019-01-01,2019-12-31,False,2026-08-06 01:42:54.905785
46,JB-16045,Loyalty,5.0,2019-01-01,2019-12-31,False,2026-08-06 01:42:54.905785
47,CC-12610,Promotional,5.0,2019-01-01,2019-12-31,False,2026-08-06 01:42:54.905785
48,BM-11785,Coupon,5.0,2019-01-01,2019-12-31,False,2026-08-06 01:42:54.905785
49,DC-12850,Promotional,5.0,2019-01-01,2019-12-31,False,2026-08-06 01:42:54.905785
50,AH-10030,Festival,5.0,2019-01-01,2019-12-31,False,2026-08-06 01:42:54.905785
51,LW-17215,Festival,10.0,2019-01-01,2019-12-31,False,2026-08-06 01:42:54.905785
52,VW-21775,Festival,10.0,2019-01-01,2019-12-31,False,2026-08-06 01:42:54.905785
53,RB-19705,Loyalty,5.0,2019-01-01,2019-12-31,False,2026-08-06 01:42:54.905785
54,HD-14785,Promotional,5.0,2019-01-01,2019-12-31,False,2026-08-06 01:42:54.905785
55,HG-14845,Loyalty,5.0,2019-01-01,2019-12-31,False,2026-08-06 01:42:54.905785
56,BT-11305,Coupon,5.0,2019-01-01,2019-12-31,False,2026-08-06 01:42:54.905785
57,BD-11320,Seasonal,10.0,2019-01-01,2019-12-31,False,2026-08-06 01:42:54.905785
58,JM-15535,Festival,5.0,2019-01-01,2019-12-31,False,2026-08-06 01:42:54.905785
59,LD-16855,Loyalty,5.0,2019-01-01,2019-12-31,False,2026-08-06 01:42:54.905785
60,TT-21220,Festival,5.0,2019-01-01,2019-12-31,False,2026-08-06 01:42:54.905785
61,DP-13105,Seasonal,5.0,2019-01-01,2019-12-31,False,2026-08-06 01:42:54.905785
62,JO-15145,Promotional,5.0,2019-01-01,2019-12-31,False,2026-08-06 01:42:54.905785
63,SP-20545,Festival,5.0,2019-01-01,2019-12-31,False,2026-08-06 01:42:54.905785
64,GB-14575,Loyalty,10.0,2019-01-01,2019-12-31,False,2026-08-06 01:42:54.905785
65,CM-11935,Coupon,5.0,2019-01-01,2019-12-31,False,2026-08-06 01:42:54.905785
66,PO-19195,Festival,5.0,2019-01-01,2019-12-31,False,2026-08-06 01:42:54.905785
67,NG-18430,Loyalty,5.0,2019-01-01,2019-12-31,False,2026-08-06 01:42:54.905785
68,LF-17185,Festival,5.0,2019-01-01,2019-12-31,False,2026-08-06 01:42:54.905785
69,KW-16570,Loyalty,5.0,2019-01-01,2019-12-31,False,2026-08-06 01:42:54.905785
70,GM-14695,Loyalty,10.0,2019-01-01,2019-12-31,False,2026-08-06 01:42:54.905785
71,CS-11950,Seasonal,5.0,2019-01-01,2019-12-31,False,2026-08-06 01:42:54.905785
72,LC-16960,Festival,5.0,2019-01-01,2019-12-31,False,2026-08-06 01:42:54.905785
73,AS-10045,Festival,5.0,2019-01-01,2019-12-31,False,2026-08-06 01:42:54.905785
74,BK-11260,Seasonal,5.0,2019-01-01,2019-12-31,False,2026-08-06 01:42:54.905785
75,PF-19165,Coupon,5.0,2019-01-01,2019-12-31,False,2026-08-06 01:42:54.905785
76,KN-16705,Festival,5.0,2019-01-01,2019-12-31,False,2026-08-06 01:42:54.905785
77,FW-14395,Festival,5.0,2019-01-01,2019-12-31,False,2026-08-06 01:42:54.905785
78,GR-14560,Coupon,5.0,2019-01-01,2019-12-31,False,2026-08-06 01:42:54.905785
79,SG-20890,Seasonal,5.0,2019-01-01,2019-12-31,False,2026-08-06 01:42:54.905785
80,JO-15550,Promotional,5.0,2019-01-01,2019-12-31,False,2026-08-06 01:42:54.905785
81,BD-11725,Promotional,5.0,2019-01-01,2019-12-31,False,2026-08-06 01:42:54.905785
82,HM-14860,Loyalty,15.0,2019-01-01,2019-12-31,False,2026-08-06 01:42:54.905785
83,SM-20005,Loyalty,5.0,2019-01-01,2019-12-31,False,2026-08-06 01:42:54.905785
84,ON-18715,Coupon,5.0,2019-01-01,2019-12-31,False,2026-08-06 01:42:54.905785
85,KH-16690,Loyalty,10.0,2019-01-01,2019-12-31,False,2026-08-06 01:42:54.905785
86,DB-12970,Promotional,5.0,2019-01-01,2019-12-31,False,2026-08-06 01:42:54.905785
87,AH-10690,Seasonal,15.0,2019-01-01,2019-12-31,False,2026-08-06 01:42:54.905785
88,KH-16360,Seasonal,5.0,2019-01-01,2019-12-31,False,2026-08-06 01:42:54.905785
89,CL-12565,Promotional,20.0,2019-01-01,2019-12-31,False,2026-08-06 01:42:54.905785
90,BW-11065,Promotional,5.0,2019-01-01,2019-12-31,False,2026-08-06 01:42:54.905785
91,VM-21835,Coupon,5.0,2019-01-01,2019-12-31,False,2026-08-06 01:42:54.905785
92,MG-17680,Promotional,5.0,2019-01-01,2019-12-31,False,2026-08-06 01:42:54.905785
93,KD-16345,Loyalty,5.0,2019-01-01,2019-12-31,False,2026-08-06 01:42:54.905785
94,DB-13615,Promotional,5.0,2019-01-01,2019-12-31,False,2026-08-06 01:42:54.905785
95,FG-14260,Festival,5.0,2019-01-01,2019-12-31,False,2026-08-06 01:42:54.905785
96,MV-18190,Festival,5.0,2019-01-01,2019-12-31,False,2026-08-06 01:42:54.905785
97,NR-18550,Promotional,5.0,2019-01-01,2019-12-31,False,2026-08-06 01:42:54.905785
98,ND-18460,Promotional,5.0,2019-01-01,2019-12-31,False,2026-08-06 01:42:54.905785
99,DJ-13510,Festival,5.0,2019-01-01,2019-12-31,False,2026-08-06 01:42:54.905785
100,BD-11605,Coupon,5.0,2019-01-01,2019-12-31,False,2026-08-06 01:42:54.905785
101,JH-15985,Coupon,15.0,2019-01-01,2019-12-31,False,2026-08-06 01:42:54.905785
102,FH-14350,Promotional,5.0,2019-01-01,2019-12-31,False,2026-08-06 01:42:54.905785
103,RW-19630,Seasonal,5.0,2019-01-01,2019-12-31,False,2026-08-06 01:42:54.905785
104,GH-14485,Seasonal,5.0,2019-01-01,2019-12-31,False,2026-08-06 01:42:54.905785
105,JM-15580,Coupon,5.0,2019-01-01,2019-12-31,False,2026-08-06 01:42:54.905785
106,BP-11230,Festival,5.0,2019-01-01,2019-12-31,False,2026-08-06 01:42:54.905785
107,SN-20560,Loyalty,5.0,2019-01-01,2019-12-31,False,2026-08-06 01:42:54.905785
108,JK-15205,Festival,10.0,2019-01-01,2019-12-31,False,2026-08-06 01:42:54.905785
109,DB-13660,Festival,5.0,2019-01-01,2019-12-31,False,2026-08-06 01:42:54.905785
110,TB-21055,Loyalty,5.0,2019-01-01,2019-12-31,False,2026-08-06 01:42:54.905785
111,SC-20680,Seasonal,5.0,2019-01-01,2019-12-31,False,2026-08-06 01:42:54.905785
112,MC-17605,Loyalty,5.0,2019-01-01,2019-12-31,False,2026-08-06 01:42:54.905785
113,MW-18235,Loyalty,10.0,2019-01-01,2019-12-31,False,2026-08-06 01:42:54.905785
114,PA-19060,Coupon,5.0,2019-01-01,2019-12-31,False,2026-08-06 01:42:54.905785
115,SR-20425,Festival,5.0,2019-01-01,2019-12-31,False,2026-08-06 01:42:54.905785
116,AC-10660,Promotional,5.0,2019-01-01,2019-12-31,False,2026-08-06 01:42:54.905785
117,LT-17110,Coupon,5.0,2019-01-01,2019-12-31,False,2026-08-06 01:42:54.905785
118,MG-17875,Loyalty,5.0,2019-01-01,2019-12-31,False,2026-08-06 01:42:54.905785
119,DB-13555,Coupon,5.0,2019-01-01,2019-12-31,False,2026-08-06 01:42:54.905785
120,MH-17455,Seasonal,5.0,2019-01-01,2019-12-31,False,2026-08-06 01:42:54.905785
121,RM-19675,Seasonal,10.0,2019-01-01,2019-12-31,False,2026-08-06 01:42:54.905785
122,TS-21340,Loyalty,5.0,2019-01-01,2019-12-31,False,2026-08-06 01:42:54.905785
123,KD-16615,Promotional,5.0,2019-01-01,2019-12-31,False,2026-08-06 01:42:54.905785
124,BB-11545,Promotional,10.0,2019-01-01,2019-12-31,False,2026-08-06 01:42:54.905785
125,AM-10705,Loyalty,10.0,2019-01-01,2019-12-31,False,2026-08-06 01:42:54.905785
126,MK-17905,Seasonal,5.0,2019-01-01,2019-12-31,False,2026-08-06 01:42:54.905785
127,VD-21670,Seasonal,10.0,2019-01-01,2019-12-31,False,2026-08-06 01:42:54.905785
128,CR-12580,Festival,5.0,2019-01-01,2019-12-31,False,2026-08-06 01:42:54.905785
129,CM-12655,Loyalty,10.0,2019-01-01,2019-12-31,False,2026-08-06 01:42:54.905785
130,AJ-10945,Seasonal,5.0,2019-01-01,2019-12-31,False,2026-08-06 01:42:54.905785
131,JK-15730,Loyalty,10.0,2019-01-01,2019-12-31,False,2026-08-06 01:42:54.905785
132,GH-14410,Seasonal,5.0,2019-01-01,2019-12-31,False,2026-08-06 01:42:54.905785
133,BW-11200,Seasonal,5.0,2019-01-01,2019-12-31,False,2026-08-06 01:42:54.905785
134,NP-18670,Loyalty,5.0,2019-01-01,2019-12-31,False,2026-08-06 01:42:54.905785
135,EM-14095,Loyalty,5.0,2019-01-01,2019-12-31,False,2026-08-06 01:42:54.905785
136,CW-11905,Coupon,5.0,2019-01-01,2019-12-31,False,2026-08-06 01:42:54.905785
137,KF-16285,Seasonal,20.0,2019-01-01,2019-12-31,False,2026-08-06 01:42:54.905785
138,LH-17020,Promotional,5.0,2019-01-01,2019-12-31,False,2026-08-06 01:42:54.905785
139,DB-13210,Promotional,5.0,2019-01-01,2019-12-31,False,2026-08-06 01:42:54.905785
140,RA-19945,Promotional,5.0,2019-01-01,2019-12-31,False,2026-08-06 01:42:54.905785
141,CK-12325,Promotional,5.0,2019-01-01,2019-12-31,False,2026-08-06 01:42:54.905785
142,AG-10525,Loyalty,5.0,2019-01-01,2019-12-31,False,2026-08-06 01:42:54.905785
143,SJ-20125,Promotional,5.0,2019-01-01,2019-12-31,False,2026-08-06 01:42:54.905785
144,JD-15895,Seasonal,15.0,2019-01-01,2019-12-31,False,2026-08-06 01:42:54.905785
145,JH-15820,Loyalty,5.0,2019-01-01,2019-12-31,False,2026-08-06 01:42:54.905785
146,SG-20080,Loyalty,5.0,2019-01-01,2019-12-31,False,2026-08-06 01:42:54.905785
147,PW-19240,Promotional,5.0,2019-01-01,2019-12-31,False,2026-08-06 01:42:54.905785
148,SM-20950,Festival,10.0,2019-01-01,2019-12-31,False,2026-08-06 01:42:54.905785
149,NC-18415,Seasonal,5.0,2019-01-01,2019-12-31,False,2026-08-06 01:42:54.905785
150,EN-13780,Coupon,5.0,2019-01-01,2019-12-31,False,2026-08-06 01:42:54.905785
151,AA-10645,Seasonal,10.0,2019-01-01,2019-12-31,False,2026-08-06 01:42:54.905785
152,ML-17755,Coupon,5.0,2019-01-01,2019-12-31,False,2026-08-06 01:42:54.905785
153,BG-11740,Festival,5.0,2019-01-01,2019-12-31,False,2026-08-06 01:42:54.905785
154,MC-17590,Seasonal,5.0,2019-01-01,2019-12-31,False,2026-08-06 01:42:54.905785
155,JP-15460,Promotional,5.0,2019-01-01,2019-12-31,False,2026-08-06 01:42:54.905785
156,TS-21370,Loyalty,20.0,2019-01-01,2019-12-31,False,2026-08-06 01:42:54.905785
157,MB-18085,Coupon,5.0,2019-01-01,2019-12-31,False,2026-08-06 01:42:54.905785
158,JF-15415,Loyalty,5.0,2019-01-01,2019-12-31,False,2026-08-06 01:42:54.905785
159,IM-15070,Festival,10.0,2019-01-01,2019-12-31,False,2026-08-06 01:42:54.905785
160,MC-17275,Promotional,5.0,2019-01-01,2019-12-31,False,2026-08-06 01:42:54.905785
161,SV-20365,Coupon,20.0,2019-01-01,2019-12-31,False,2026-08-06 01:42:54.905785
162,BM-11140,Seasonal,20.0,2019-01-01,2019-12-31,False,2026-08-06 01:42:54.905785
163,LC-16885,Promotional,15.0,2019-01-01,2019-12-31,False,2026-08-06 01:42:54.905785
164,AC-10420,Seasonal,5.0,2019-01-01,2019-12-31,False,2026-08-06 01:42:54.905785
165,CM-12445,Loyalty,5.0,2019-01-01,2019-12-31,False,2026-08-06 01:42:54.905785
166,EB-13930,Loyalty,5.0,2019-01-01,2019-12-31,False,2026-08-06 01:42:54.905785
167,JF-15355,Festival,5.0,2019-01-01,2019-12-31,False,2026-08-06 01:42:54.905785
168,SM-20320,Festival,20.0,2019-01-01,2019-12-31,False,2026-08-06 01:42:54.905785
169,CC-12430,Festival,5.0,2019-01-01,2019-12-31,False,2026-08-06 01:42:54.905785
170,FC-14245,Seasonal,5.0,2019-01-01,2019-12-31,False,2026-08-06 01:42:54.905785
171,DO-13435,Seasonal,5.0,2019-01-01,2019-12-31,False,2026-08-06 01:42:54.905785
172,LE-16810,Seasonal,5.0,2019-01-01,2019-12-31,False,2026-08-06 01:42:54.905785
173,SR-20740,Promotional,10.0,2019-01-01,2019-12-31,False,2026-08-06 01:42:54.905785
174,PK-19075,Loyalty,15.0,2019-01-01,2019-12-31,False,2026-08-06 01:42:54.905785
175,MF-18250,Promotional,5.0,2019-01-01,2019-12-31,False,2026-08-06 01:42:54.905785
176,LS-17230,Seasonal,5.0,2019-01-01,2019-12-31,False,2026-08-06 01:42:54.905785
177,BF-11005,Festival,5.0,2019-01-01,2019-12-31,False,2026-08-06 01:42:54.905785
178,EM-14200,Coupon,5.0,2019-01-01,2019-12-31,False,2026-08-06 01:42:54.905785
179,DB-13360,Promotional,5.0,2019-01-01,2019-12-31,False,2026-08-06 01:42:54.905785
180,AG-10495,Coupon,5.0,2019-01-01,2019-12-31,False,2026-08-06 01:42:54.905785
181,JM-16195,Loyalty,5.0,2019-01-01,2019-12-31,False,2026-08-06 01:42:54.905785
182,MM-17260,Seasonal,5.0,2019-01-01,2019-12-31,False,2026-08-06 01:42:54.905785
183,RD-19810,Loyalty,5.0,2019-01-01,2019-12-31,False,2026-08-06 01:42:54.905785
184,NW-18400,Promotional,15.0,2019-01-01,2019-12-31,False,2026-08-06 01:42:54.905785
185,JC-15385,Seasonal,5.0,2019-01-01,2019-12-31,False,2026-08-06 01:42:54.905785
186,LD-17005,Promotional,5.0,2019-01-01,2019-12-31,False,2026-08-06 01:42:54.905785
187,PB-18805,Promotional,5.0,2019-01-01,2019-12-31,False,2026-08-06 01:42:54.905785
188,MZ-17335,Coupon,5.0,2019-01-01,2019-12-31,False,2026-08-06 01:42:54.905785
189,TB-21400,Loyalty,15.0,2019-01-01,2019-12-31,False,2026-08-06 01:42:54.905785
190,RD-19585,Coupon,5.0,2019-01-01,2019-12-31,False,2026-08-06 01:42:54.905785
191,TS-21505,Festival,5.0,2019-01-01,2019-12-31,False,2026-08-06 01:42:54.905785
192,DS-13030,Seasonal,5.0,2019-01-01,2019-12-31,False,2026-08-06 01:42:54.905785
193,JL-15235,Loyalty,5.0,2019-01-01,2019-12-31,False,2026-08-06 01:42:54.905785
194,SB-20170,Seasonal,5.0,2019-01-01,2019-12-31,False,2026-08-06 01:42:54.905785
195,BS-11665,Promotional,5.0,2019-01-01,2019-12-31,False,2026-08-06 01:42:54.905785
196,TC-21295,Loyalty,10.0,2019-01-01,2019-12-31,False,2026-08-06 01:42:54.905785
197,AW-10840,Loyalty,5.0,2019-01-01,2019-12-31,False,2026-08-06 01:42:54.905785
198,RA-19915,Promotional,10.0,2019-01-01,2019-12-31,False,2026-08-06 01:42:54.905785
199,CM-12715,Coupon,5.0,2019-01-01,2019-12-31,False,2026-08-06 01:42:54.905785
200,MH-18025,Loyalty,5.0,2019-01-01,2019-12-31,False,2026-08-06 01:42:54.905785
201,CM-12235,Loyalty,5.0,2019-01-01,2019-12-31,False,2026-08-06 01:42:54.905785
202,BT-11680,Coupon,5.0,2019-01-01,2019-12-31,False,2026-08-06 01:42:54.905785
203,SP-20920,Loyalty,5.0,2019-01-01,2019-12-31,False,2026-08-06 01:42:54.905785
204,AA-10375,Seasonal,5.0,2019-01-01,2019-12-31,False,2026-08-06 01:42:54.905785
205,PC-19000,Coupon,5.0,2019-01-01,2019-12-31,False,2026-08-06 01:42:54.905785
206,HP-14815,Coupon,5.0,2019-01-01,2019-12-31,False,2026-08-06 01:42:54.905785
207,HR-14830,Seasonal,10.0,2019-01-01,2019-12-31,False,2026-08-06 01:42:54.905785
208,BO-11350,Festival,5.0,2019-01-01,2019-12-31,False,2026-08-06 01:42:54.905785
209,PK-18910,Coupon,5.0,2019-01-01,2019-12-31,False,2026-08-06 01:42:54.905785
210,TG-21640,Promotional,5.0,2019-01-01,2019-12-31,False,2026-08-06 01:42:54.905785
211,DM-12955,Coupon,5.0,2019-01-01,2019-12-31,False,2026-08-06 01:42:54.905785
212,BS-11755,Coupon,5.0,2019-01-01,2019-12-31,False,2026-08-06 01:42:54.905785
213,GD-14590,Coupon,5.0,2019-01-01,2019-12-31,False,2026-08-06 01:42:54.905785
214,FP-14320,Seasonal,10.0,2019-01-01,2019-12-31,False,2026-08-06 01:42:54.905785
215,AS-10090,Seasonal,5.0,2019-01-01,2019-12-31,False,2026-08-06 01:42:54.905785
216,DK-12985,Loyalty,5.0,2019-01-01,2019-12-31,False,2026-08-06 01:42:54.905785
217,RW-19540,Loyalty,15.0,2019-01-01,2019-12-31,False,2026-08-06 01:42:54.905785
218,JC-16105,Festival,5.0,2019-01-01,2019-12-31,False,2026-08-06 01:42:54.905785
219,CS-12400,Festival,5.0,2019-01-01,2019-12-31,False,2026-08-06 01:42:54.905785
220,EH-14125,Seasonal,5.0,2019-01-01,2019-12-31,False,2026-08-06 01:42:54.905785
221,CB-12415,Festival,5.0,2019-01-01,2019-12-31,False,2026-08-06 01:42:54.905785
222,TS-21085,Promotional,5.0,2019-01-01,2019-12-31,False,2026-08-06 01:42:54.905785
223,MH-18115,Loyalty,10.0,2019-01-01,2019-12-31,False,2026-08-06 01:42:54.905785
224,EM-14140,Coupon,10.0,2019-01-01,2019-12-31,False,2026-08-06 01:42:54.905785
225,DL-12925,Seasonal,5.0,2019-01-01,2019-12-31,False,2026-08-06 01:42:54.905785
226,JK-15370,Coupon,5.0,2019-01-01,2019-12-31,False,2026-08-06 01:42:54.905785
227,MG-18205,Coupon,5.0,2019-01-01,2019-12-31,False,2026-08-06 01:42:54.905785
228,RD-19720,Loyalty,5.0,2019-01-01,2019-12-31,False,2026-08-06 01:42:54.905785
229,HG-15025,Festival,5.0,2019-01-01,2019-12-31,False,2026-08-06 01:42:54.905785
230,EH-13945,Festival,5.0,2019-01-01,2019-12-31,False,2026-08-06 01:42:54.905785
231,BM-11650,Promotional,15.0,2019-01-01,2019-12-31,False,2026-08-06 01:42:54.905785
232,EA-14035,Seasonal,5.0,2019-01-01,2019-12-31,False,2026-08-06 01:42:54.905785
233,LS-17245,Coupon,5.0,2019-01-01,2019-12-31,False,2026-08-06 01:42:54.905785
234,DM-13345,Coupon,10.0,2019-01-01,2019-12-31,False,2026-08-06 01:42:54.905785
235,MP-18175,Coupon,10.0,2019-01-01,2019-12-31,False,2026-08-06 01:42:54.905785
236,CA-12265,Seasonal,5.0,2019-01-01,2019-12-31,False,2026-08-06 01:42:54.905785
237,KM-16660,Loyalty,5.0,2019-01-01,2019-12-31,False,2026-08-06 01:42:54.905785
238,SC-20260,Seasonal,5.0,2019-01-01,2019-12-31,False,2026-08-06 01:42:54.905785
239,EL-13735,Loyalty,5.0,2019-01-01,2019-12-31,False,2026-08-06 01:42:54.905785
240,PS-18760,Seasonal,5.0,2019-01-01,2019-12-31,False,2026-08-06 01:42:54.905785
241,DB-13060,Seasonal,10.0,2019-01-01,2019-12-31,False,2026-08-06 01:42:54.905785
242,EB-13705,Seasonal,5.0,2019-01-01,2019-12-31,False,2026-08-06 01:42:54.905785
243,ME-17725,Loyalty,5.0,2019-01-01,2019-12-31,False,2026-08-06 01:42:54.905785
244,JL-15850,Seasonal,5.0,2019-01-01,2019-12-31,False,2026-08-06 01:42:54.905785
245,LB-16795,Seasonal,10.0,2019-01-01,2019-12-31,False,2026-08-06 01:42:54.905785
246,GA-14725,Coupon,5.0,2019-01-01,2019-12-31,False,2026-08-06 01:42:54.905785
247,MO-17950,Seasonal,5.0,2019-01-01,2019-12-31,False,2026-08-06 01:42:54.905785
248,SC-20800,Coupon,5.0,2019-01-01,2019-12-31,False,2026-08-06 01:42:54.905785
249,BF-11020,Coupon,5.0,2019-01-01,2019-12-31,False,2026-08-06 01:42:54.905785
250,TR-21325,Seasonal,5.0,2019-01-01,2019-12-31,False,2026-08-06 01:42:54.905785
251,ES-14020,Loyalty,5.0,2019-01-01,2019-12-31,False,2026-08-06 01:42:54.905785
252,MF-17665,Loyalty,5.0,2019-01-01,2019-12-31,False,2026-08-06 01:42:54.905785
253,JS-15595,Seasonal,5.0,2019-01-01,2019-12-31,False,2026-08-06 01:42:54.905785
254,AR-10345,Festival,5.0,2019-01-01,2019-12-31,False,2026-08-06 01:42:54.905785
255,TH-21550,Promotional,10.0,2019-01-01,2019-12-31,False,2026-08-06 01:42:54.905785
256,DK-12895,Loyalty,10.0,2019-01-01,2019-12-31,False,2026-08-06 01:42:54.905785
257,HJ-14875,Promotional,5.0,2019-01-01,2019-12-31,False,2026-08-06 01:42:54.905785
258,MM-18280,Loyalty,5.0,2019-01-01,2019-12-31,False,2026-08-06 01:42:54.905785
259,TG-21310,Seasonal,5.0,2019-01-01,2019-12-31,False,2026-08-06 01:42:54.905785
260,DB-13270,Promotional,10.0,2019-01-01,2019-12-31,False,2026-08-06 01:42:54.905785
261,JE-16165,Coupon,5.0,2019-01-01,2019-12-31,False,2026-08-06 01:42:54.905785
262,LW-17125,Festival,5.0,2019-01-01,2019-12-31,False,2026-08-06 01:42:54.905785
263,CL-11890,Promotional,5.0,2019-01-01,2019-12-31,False,2026-08-06 01:42:54.905785
264,CC-12370,Coupon,20.0,2019-01-01,2019-12-31,False,2026-08-06 01:42:54.905785
265,JF-15490,Coupon,5.0,2019-01-01,2019-12-31,False,2026-08-06 01:42:54.905785
266,ME-17320,Seasonal,20.0,2019-01-01,2019-12-31,False,2026-08-06 01:42:54.905785
267,CS-11860,Coupon,5.0,2019-01-01,2019-12-31,False,2026-08-06 01:42:54.905785
268,SJ-20500,Festival,5.0,2019-01-01,2019-12-31,False,2026-08-06 01:42:54.905785
269,RC-19960,Seasonal,5.0,2019-01-01,2019-12-31,False,2026-08-06 01:42:54.905785
270,BT-11440,Festival,5.0,2019-01-01,2019-12-31,False,2026-08-06 01:42:54.905785
271,KB-16405,Promotional,5.0,2019-01-01,2019-12-31,False,2026-08-06 01:42:54.905785
272,SC-20695,Seasonal,5.0,2019-01-01,2019-12-31,False,2026-08-06 01:42:54.905785
273,OT-18730,Loyalty,5.0,2019-01-01,2019-12-31,False,2026-08-06 01:42:54.905785
274,NP-18685,Coupon,5.0,2019-01-01,2019-12-31,False,2026-08-06 01:42:54.905785
275,KC-16540,Loyalty,5.0,2019-01-01,2019-12-31,False,2026-08-06 01:42:54.905785
276,GW-14605,Loyalty,5.0,2019-01-01,2019-12-31,False,2026-08-06 01:42:54.905785
277,DW-13585,Promotional,5.0,2019-01-01,2019-12-31,False,2026-08-06 01:42:54.905785
278,MH-17785,Loyalty,5.0,2019-01-01,2019-12-31,False,2026-08-06 01:42:54.905785
279,GB-14530,Festival,5.0,2019-01-01,2019-12-31,False,2026-08-06 01:42:54.905785
280,MC-18100,Festival,5.0,2019-01-01,2019-12-31,False,2026-08-06 01:42:54.905785
281,SC-20725,Seasonal,10.0,2019-01-01,2019-12-31,False,2026-08-06 01:42:54.905785
282,PR-18880,Coupon,5.0,2019-01-01,2019-12-31,False,2026-08-06 01:42:54.905785
283,EH-13990,Loyalty,5.0,2019-01-01,2019-12-31,False,2026-08-06 01:42:54.905785
284,JE-15475,Coupon,5.0,2019-01-01,2019-12-31,False,2026-08-06 01:42:54.905785
285,GH-14425,Loyalty,10.0,2019-01-01,2019-12-31,False,2026-08-06 01:42:54.905785
286,CH-12070,Loyalty,5.0,2019-01-01,2019-12-31,False,2026-08-06 01:42:54.905785
287,CS-12460,Loyalty,5.0,2019-01-01,2019-12-31,False,2026-08-06 01:42:54.905785
288,SL-20155,Promotional,5.0,2019-01-01,2019-12-31,False,2026-08-06 01:42:54.905785
289,MA-17560,Festival,10.0,2019-01-01,2019-12-31,False,2026-08-06 01:42:54.905785
290,TC-21475,Promotional,5.0,2019-01-01,2019-12-31,False,2026-08-06 01:42:54.905785
291,AW-10930,Loyalty,5.0,2019-01-01,2019-12-31,False,2026-08-06 01:42:54.905785
292,LH-16900,Coupon,5.0,2019-01-01,2019-12-31,False,2026-08-06 01:42:54.905785
293,JE-15715,Promotional,15.0,2019-01-01,2019-12-31,False,2026-08-06 01:42:54.905785
294,CS-12355,Loyalty,5.0,2019-01-01,2019-12-31,False,2026-08-06 01:42:54.905785
295,TB-21520,Seasonal,10.0,2019-01-01,2019-12-31,False,2026-08-06 01:42:54.905785
296,SF-20965,Festival,5.0,2019-01-01,2019-12-31,False,2026-08-06 01:42:54.905785
297,MN-17935,Promotional,5.0,2019-01-01,2019-12-31,False,2026-08-06 01:42:54.905785
298,BE-11455,Festival,5.0,2019-01-01,2019-12-31,False,2026-08-06 01:42:54.905785
299,EB-13870,Loyalty,5.0,2019-01-01,2019-12-31,False,2026-08-06 01:42:54.905785
300,RD-19480,Seasonal,10.0,2019-01-01,2019-12-31,False,2026-08-06 01:42:54.905785
301,VB-21745,Coupon,5.0,2019-01-01,2019-12-31,False,2026-08-06 01:42:54.905785
302,FM-14380,Coupon,5.0,2019-01-01,2019-12-31,False,2026-08-06 01:42:54.905785
303,SA-20830,Loyalty,10.0,2019-01-01,2019-12-31,False,2026-08-06 01:42:54.905785
304,CC-12475,Coupon,5.0,2019-01-01,2019-12-31,False,2026-08-06 01:42:54.905785
305,ML-17410,Loyalty,5.0,2019-01-01,2019-12-31,False,2026-08-06 01:42:54.905785
306,AG-10765,Seasonal,5.0,2019-01-01,2019-12-31,False,2026-08-06 01:42:54.905785
307,PL-18925,Promotional,5.0,2019-01-01,2019-12-31,False,2026-08-06 01:42:54.905785
308,SH-19975,Promotional,5.0,2019-01-01,2019-12-31,False,2026-08-06 01:42:54.905785
309,RS-19870,Loyalty,5.0,2019-01-01,2019-12-31,False,2026-08-06 01:42:54.905785
310,JG-15160,Promotional,10.0,2019-01-01,2019-12-31,False,2026-08-06 01:42:54.905785
311,LH-16750,Promotional,5.0,2019-01-01,2019-12-31,False,2026-08-06 01:42:54.905785
312,CK-12205,Festival,5.0,2019-01-01,2019-12-31,False,2026-08-06 01:42:54.905785
313,HG-14965,Coupon,5.0,2019-01-01,2019-12-31,False,2026-08-06 01:42:54.905785
314,BS-11590,Seasonal,5.0,2019-01-01,2019-12-31,False,2026-08-06 01:42:54.905785
315,TB-21250,Coupon,5.0,2019-01-01,2019-12-31,False,2026-08-06 01:42:54.905785
316,LA-16780,Festival,15.0,2019-01-01,2019-12-31,False,2026-08-06 01:42:54.905785
317,RB-19435,Loyalty,5.0,2019-01-01,2019-12-31,False,2026-08-06 01:42:54.905785
318,KM-16720,Festival,10.0,2019-01-01,2019-12-31,False,2026-08-06 01:42:54.905785
319,BD-11560,Promotional,5.0,2019-01-01,2019-12-31,False,2026-08-06 01:42:54.905785
320,DH-13675,Seasonal,5.0,2019-01-01,2019-12-31,False,2026-08-06 01:42:54.905785
321,JM-15865,Seasonal,15.0,2019-01-01,2019-12-31,False,2026-08-06 01:42:54.905785
322,KB-16600,Coupon,5.0,2019-01-01,2019-12-31,False,2026-08-06 01:42:54.905785
323,SS-20140,Seasonal,5.0,2019-01-01,2019-12-31,False,2026-08-06 01:42:54.905785
324,PT-19090,Promotional,5.0,2019-01-01,2019-12-31,False,2026-08-06 01:42:54.905785
325,GT-14635,Loyalty,15.0,2019-01-01,2019-12-31,False,2026-08-06 01:42:54.905785
326,DF-13135,Promotional,5.0,2019-01-01,2019-12-31,False,2026-08-06 01:42:54.905785
327,AJ-10795,Loyalty,10.0,2019-01-01,2019-12-31,False,2026-08-06 01:42:54.905785
328,LR-16915,Coupon,10.0,2019-01-01,2019-12-31,False,2026-08-06 01:42:54.905785
329,IL-15100,Loyalty,10.0,2019-01-01,2019-12-31,False,2026-08-06 01:42:54.905785
330,CC-12145,Promotional,5.0,2019-01-01,2019-12-31,False,2026-08-06 01:42:54.905785
331,IM-15055,Promotional,5.0,2019-01-01,2019-12-31,False,2026-08-06 01:42:54.905785
332,AG-10330,Loyalty,5.0,2019-01-01,2019-12-31,False,2026-08-06 01:42:54.905785
333,NH-18610,Festival,5.0,2019-01-01,2019-12-31,False,2026-08-06 01:42:54.905785
334,CP-12340,Loyalty,10.0,2019-01-01,2019-12-31,False,2026-08-06 01:42:54.905785
335,CD-12790,Loyalty,5.0,2019-01-01,2019-12-31,False,2026-08-06 01:42:54.905785
336,KL-16555,Coupon,10.0,2019-01-01,2019-12-31,False,2026-08-06 01:42:54.905785
337,AA-10315,Loyalty,10.0,2019-01-01,2019-12-31,False,2026-08-06 01:42:54.905785
338,JM-15265,Festival,5.0,2019-01-01,2019-12-31,False,2026-08-06 01:42:54.905785
339,JL-15505,Promotional,5.0,2019-01-01,2019-12-31,False,2026-08-06 01:42:54.905785
340,JK-15640,Coupon,10.0,2019-01-01,2019-12-31,False,2026-08-06 01:42:54.905785
341,SS-20410,Loyalty,5.0,2019-01-01,2019-12-31,False,2026-08-06 01:42:54.905785
342,RD-19660,Seasonal,5.0,2019-01-01,2019-12-31,False,2026-08-06 01:42:54.905785
343,ML-18040,Seasonal,5.0,2019-01-01,2019-12-31,False,2026-08-06 01:42:54.905785
344,JD-16060,Coupon,5.0,2019-01-01,2019-12-31,False,2026-08-06 01:42:54.905785
345,KA-16525,Festival,5.0,2019-01-01,2019-12-31,False,2026-08-06 01:42:54.905785
346,DP-13165,Seasonal,5.0,2019-01-01,2019-12-31,False,2026-08-06 01:42:54.905785
347,JO-15280,Festival,5.0,2019-01-01,2019-12-31,False,2026-08-06 01:42:54.905785
348,JB-15925,Coupon,5.0,2019-01-01,2019-12-31,False,2026-08-06 01:42:54.905785
349,NC-18535,Coupon,15.0,2019-01-01,2019-12-31,False,2026-08-06 01:42:54.905785
350,JS-16030,Coupon,5.0,2019-01-01,2019-12-31,False,2026-08-06 01:42:54.905785
351,BD-11635,Promotional,5.0,2019-01-01,2019-12-31,False,2026-08-06 01:42:54.905785
352,CA-11965,Festival,5.0,2019-01-01,2019-12-31,False,2026-08-06 01:42:54.905785
353,EJ-14155,Festival,5.0,2019-01-01,2019-12-31,False,2026-08-06 01:42:54.905785
354,TN-21040,Coupon,5.0,2019-01-01,2019-12-31,False,2026-08-06 01:42:54.905785
355,RC-19825,Loyalty,5.0,2019-01-01,2019-12-31,False,2026-08-06 01:42:54.905785
356,BN-11515,Seasonal,5.0,2019-01-01,2019-12-31,False,2026-08-06 01:42:54.905785
357,BO-11425,Seasonal,5.0,2019-01-01,2019-12-31,False,2026-08-06 01:42:54.905785
358,RB-19465,Promotional,10.0,2019-01-01,2019-12-31,False,2026-08-06 01:42:54.905785
359,SC-20230,Festival,10.0,2019-01-01,2019-12-31,False,2026-08-06 01:42:54.905785
360,KB-16585,Promotional,5.0,2019-01-01,2019-12-31,False,2026-08-06 01:42:54.905785
361,EB-14170,Loyalty,5.0,2019-01-01,2019-12-31,False,2026-08-06 01:42:54.905785
362,CM-12190,Loyalty,5.0,2019-01-01,2019-12-31,False,2026-08-06 01:42:54.905785
363,JW-15955,Coupon,5.0,2019-01-01,2019-12-31,False,2026-08-06 01:42:54.905785
364,PC-18745,Promotional,5.0,2019-01-01,2019-12-31,False,2026-08-06 01:42:54.905785
365,TH-21235,Promotional,5.0,2019-01-01,2019-12-31,False,2026-08-06 01:42:54.905785
366,RR-19315,Coupon,5.0,2019-01-01,2019-12-31,False,2026-08-06 01:42:54.905785
367,JS-15940,Festival,5.0,2019-01-01,2019-12-31,False,2026-08-06 01:42:54.905785
368,MT-17815,Promotional,5.0,2019-01-01,2019-12-31,False,2026-08-06 01:42:54.905785
369,ML-18265,Promotional,5.0,2019-01-01,2019-12-31,False,2026-08-06 01:42:54.905785
370,JW-16075,Seasonal,5.0,2019-01-01,2019-12-31,False,2026-08-06 01:42:54.905785
371,MC-17845,Coupon,5.0,2019-01-01,2019-12-31,False,2026-08-06 01:42:54.905785
372,DG-13300,Loyalty,5.0,2019-01-01,2019-12-31,False,2026-08-06 01:42:54.905785
373,SF-20200,Coupon,5.0,2019-01-01,2019-12-31,False,2026-08-06 01:42:54.905785
374,PF-19120,Festival,15.0,2019-01-01,2019-12-31,False,2026-08-06 01:42:54.905785
375,HL-15040,Seasonal,20.0,2019-01-01,2019-12-31,False,2026-08-06 01:42:54.905785
376,EM-13960,Festival,5.0,2019-01-01,2019-12-31,False,2026-08-06 01:42:54.905785
377,SC-20305,Promotional,5.0,2019-01-01,2019-12-31,False,2026-08-06 01:42:54.905785
378,BB-10990,Festival,5.0,2019-01-01,2019-12-31,False,2026-08-06 01:42:54.905785
379,PS-19045,Promotional,10.0,2019-01-01,2019-12-31,False,2026-08-06 01:42:54.905785
380,SD-20485,Festival,10.0,2019-01-01,2019-12-31,False,2026-08-06 01:42:54.905785
381,MH-17620,Seasonal,5.0,2019-01-01,2019-12-31,False,2026-08-06 01:42:54.905785
382,RB-19570,Loyalty,5.0,2019-01-01,2019-12-31,False,2026-08-06 01:42:54.905785
383,DD-13570,Coupon,5.0,2019-01-01,2019-12-31,False,2026-08-06 01:42:54.905785
384,MS-17830,Loyalty,5.0,2019-01-01,2019-12-31,False,2026-08-06 01:42:54.905785
385,DN-13690,Seasonal,5.0,2019-01-01,2019-12-31,False,2026-08-06 01:42:54.905785
386,EH-14185,Coupon,5.0,2019-01-01,2019-12-31,False,2026-08-06 01:42:54.905785
387,AH-10075,Seasonal,5.0,2019-01-01,2019-12-31,False,2026-08-06 01:42:54.905785
388,LP-17095,Promotional,5.0,2019-01-01,2019-12-31,False,2026-08-06 01:42:54.905785
389,PB-19150,Promotional,5.0,2019-01-01,2019-12-31,False,2026-08-06 01:42:54.905785
390,SK-19990,Coupon,5.0,2019-01-01,2019-12-31,False,2026-08-06 01:42:54.905785
391,MJ-17740,Festival,10.0,2019-01-01,2019-12-31,False,2026-08-06 01:42:54.905785
392,MG-17695,Coupon,5.0,2019-01-01,2019-12-31,False,2026-08-06 01:42:54.905785
393,TW-21025,Promotional,10.0,2019-01-01,2019-12-31,False,2026-08-06 01:42:54.905785
394,EG-13900,Coupon,5.0,2019-01-01,2019-12-31,False,2026-08-06 01:42:54.905785
395,VP-21730,Festival,5.0,2019-01-01,2019-12-31,False,2026-08-06 01:42:54.905785
396,RP-19390,Loyalty,10.0,2019-01-01,2019-12-31,False,2026-08-06 01:42:54.905785
397,DB-13405,Coupon,5.0,2019-01-01,2019-12-31,False,2026-08-06 01:42:54.905785
398,NS-18505,Promotional,5.0,2019-01-01,2019-12-31,False,2026-08-06 01:42:54.905785
399,JL-15130,Seasonal,5.0,2019-01-01,2019-12-31,False,2026-08-06 01:42:54.905785
400,DL-13330,Coupon,5.0,2019-01-01,2019-12-31,False,2026-08-06 01:42:54.905785
401,AJ-10960,Seasonal,5.0,2019-01-01,2019-12-31,False,2026-08-06 01:42:54.905785
402,SN-20710,Festival,5.0,2019-01-01,2019-12-31,False,2026-08-06 01:42:54.905785
403,NM-18445,Seasonal,10.0,2019-01-01,2019-12-31,False,2026-08-06 01:42:54.905785
404,RE-19450,Seasonal,5.0,2019-01-01,2019-12-31,False,2026-08-06 01:42:54.905785
405,BS-11800,Loyalty,5.0,2019-01-01,2019-12-31,False,2026-08-06 01:42:54.905785
406,CS-11845,Coupon,5.0,2019-01-01,2019-12-31,False,2026-08-06 01:42:54.905785
407,BP-11290,Promotional,5.0,2019-01-01,2019-12-31,False,2026-08-06 01:42:54.905785
408,SM-20905,Loyalty,5.0,2019-01-01,2019-12-31,False,2026-08-06 01:42:54.905785
409,JD-16015,Festival,5.0,2019-01-01,2019-12-31,False,2026-08-06 01:42:54.905785
410,CS-12505,Promotional,10.0,2019-01-01,2019-12-31,False,2026-08-06 01:42:54.905785
411,AG-10270,Promotional,5.0,2019-01-01,2019-12-31,False,2026-08-06 01:42:54.905785
412,BW-11110,Coupon,10.0,2019-01-01,2019-12-31,False,2026-08-06 01:42:54.905785
413,EC-14050,Coupon,5.0,2019-01-01,2019-12-31,False,2026-08-06 01:42:54.905785
414,MC-17575,Loyalty,5.0,2019-01-01,2019-12-31,False,2026-08-06 01:42:54.905785
415,GM-14455,Loyalty,5.0,2019-01-01,2019-12-31,False,2026-08-06 01:42:54.905785
416,BF-11170,Coupon,10.0,2019-01-01,2019-12-31,False,2026-08-06 01:42:54.905785
417,CR-12730,Seasonal,5.0,2019-01-01,2019-12-31,False,2026-08-06 01:42:54.905785
418,LS-16945,Loyalty,5.0,2019-01-01,2019-12-31,False,2026-08-06 01:42:54.905785
419,KH-16630,Coupon,5.0,2019-01-01,2019-12-31,False,2026-08-06 01:42:54.905785
420,HW-14935,Seasonal,10.0,2019-01-01,2019-12-31,False,2026-08-06 01:42:54.905785
421,CM-12115,Promotional,5.0,2019-01-01,2019-12-31,False,2026-08-06 01:42:54.905785
422,PW-19030,Promotional,5.0,2019-01-01,2019-12-31,False,2026-08-06 01:42:54.905785
423,EP-13915,Festival,10.0,2019-01-01,2019-12-31,False,2026-08-06 01:42:54.905785
424,GP-14740,Promotional,5.0,2019-01-01,2019-12-31,False,2026-08-06 01:42:54.905785
425,LS-16975,Promotional,5.0,2019-01-01,2019-12-31,False,2026-08-06 01:42:54.905785
426,TB-21280,Coupon,5.0,2019-01-01,2019-12-31,False,2026-08-06 01:42:54.905785
427,AR-10510,Seasonal,5.0,2019-01-01,2019-12-31,False,2026-08-06 01:42:54.905785
428,KT-16480,Seasonal,10.0,2019-01-01,2019-12-31,False,2026-08-06 01:42:54.905785
429,JF-15295,Coupon,5.0,2019-01-01,2019-12-31,False,2026-08-06 01:42:54.905785
430,Co-12640,Seasonal,5.0,2019-01-01,2019-12-31,False,2026-08-06 01:42:54.905785
431,AG-10675,Festival,5.0,2019-01-01,2019-12-31,False,2026-08-06 01:42:54.905785
432,TM-21490,Festival,5.0,2019-01-01,2019-12-31,False,2026-08-06 01:42:54.905785
433,CV-12295,Loyalty,5.0,2019-01-01,2019-12-31,False,2026-08-06 01:42:54.905785
434,EJ-13720,Seasonal,5.0,2019-01-01,2019-12-31,False,2026-08-06 01:42:54.905785
435,VT-21700,Promotional,5.0,2019-01-01,2019-12-31,False,2026-08-06 01:42:54.905785
436,EM-14065,Seasonal,5.0,2019-01-01,2019-12-31,False,2026-08-06 01:42:54.905785
437,DW-13480,Festival,10.0,2019-01-01,2019-12-31,False,2026-08-06 01:42:54.905785
438,GA-14515,Festival,5.0,2019-01-01,2019-12-31,False,2026-08-06 01:42:54.905785
439,SP-20860,Promotional,10.0,2019-01-01,2019-12-31,False,2026-08-06 01:42:54.905785
440,AS-10135,Seasonal,5.0,2019-01-01,2019-12-31,False,2026-08-06 01:42:54.905785
441,AS-10240,Loyalty,5.0,2019-01-01,2019-12-31,False,2026-08-06 01:42:54.905785
442,CM-12385,Coupon,15.0,2019-01-01,2019-12-31,False,2026-08-06 01:42:54.905785
443,CK-12595,Seasonal,5.0,2019-01-01,2019-12-31,False,2026-08-06 01:42:54.905785
444,HZ-14950,Coupon,5.0,2019-01-01,2019-12-31,False,2026-08-06 01:42:54.905785
445,SB-20185,Seasonal,10.0,2019-01-01,2019-12-31,False,2026-08-06 01:42:54.905785
446,HH-15010,Festival,5.0,2019-01-01,2019-12-31,False,2026-08-06 01:42:54.905785
447,ND-18370,Festival,10.0,2019-01-01,2019-12-31,False,2026-08-06 01:42:54.905785
448,KS-16300,Festival,5.0,2019-01-01,2019-12-31,False,2026-08-06 01:42:54.905785
449,JC-15775,Seasonal,5.0,2019-01-01,2019-12-31,False,2026-08-06 01:42:54.905785
450,TT-21070,Loyalty,10.0,2019-01-01,2019-12-31,False,2026-08-06 01:42:54.905785
451,JE-15610,Loyalty,15.0,2019-01-01,2019-12-31,False,2026-08-06 01:42:54.905785
452,PP-18955,Seasonal,15.0,2019-01-01,2019-12-31,False,2026-08-06 01:42:54.905785
453,NP-18700,Seasonal,15.0,2019-01-01,2019-12-31,False,2026-08-06 01:42:54.905785
454,SE-20110,Seasonal,20.0,2019-01-01,2019-12-31,False,2026-08-06 01:42:54.905785
455,JE-15745,Festival,10.0,2019-01-01,2019-12-31,False,2026-08-06 01:42:54.905785
456,TS-21205,Coupon,10.0,2019-01-01,2019-12-31,False,2026-08-06 01:42:54.905785
457,CS-12490,Festival,5.0,2019-01-01,2019-12-31,False,2026-08-06 01:42:54.905785
458,PV-18985,Coupon,5.0,2019-01-01,2019-12-31,False,2026-08-06 01:42:54.905785
459,LH-17155,Seasonal,5.0,2019-01-01,2019-12-31,False,2026-08-06 01:42:54.905785
460,JP-16135,Festival,5.0,2019-01-01,2019-12-31,False,2026-08-06 01:42:54.905785
461,MZ-17515,Loyalty,5.0,2019-01-01,2019-12-31,False,2026-08-06 01:42:54.905785
462,CD-11980,Loyalty,5.0,2019-01-01,2019-12-31,False,2026-08-06 01:42:54.905785
463,NB-18655,Loyalty,5.0,2019-01-01,2019-12-31,False,2026-08-06 01:42:54.905785
464,DK-13225,Seasonal,10.0,2019-01-01,2019-12-31,False,2026-08-06 01:42:54.905785
465,JK-15325,Promotional,5.0,2019-01-01,2019-12-31,False,2026-08-06 01:42:54.905785
466,MM-17920,Seasonal,5.0,2019-01-01,2019-12-31,False,2026-08-06 01:42:54.905785
467,TS-21160,Festival,5.0,2019-01-01,2019-12-31,False,2026-08-06 01:42:54.905785
468,JH-15910,Seasonal,5.0,2019-01-01,2019-12-31,False,2026-08-06 01:42:54.905785
469,CR-12820,Seasonal,5.0,2019-01-01,2019-12-31,False,2026-08-06 01:42:54.905785
470,CC-12550,Seasonal,5.0,2019-01-01,2019-12-31,False,2026-08-06 01:42:54.905785
471,DV-13465,Coupon,5.0,2019-01-01,2019-12-31,False,2026-08-06 01:42:54.905785
472,JC-15340,Loyalty,5.0,2019-01-01,2019-12-31,False,2026-08-06 01:42:54.905785
473,KM-16225,Festival,5.0,2019-01-01,2019-12-31,False,2026-08-06 01:42:54.905785
474,RH-19555,Seasonal,5.0,2019-01-01,2019-12-31,False,2026-08-06 01:42:54.905785
475,NC-18340,Promotional,5.0,2019-01-01,2019-12-31,False,2026-08-06 01:42:54.905785
476,MY-17380,Promotional,5.0,2019-01-01,2019-12-31,False,2026-08-06 01:42:54.905785
477,SZ-20035,Coupon,5.0,2019-01-01,2019-12-31,False,2026-08-06 01:42:54.905785
478,YC-21895,Promotional,10.0,2019-01-01,2019-12-31,False,2026-08-06 01:42:54.905785
479,SG-20470,Seasonal,5.0,2019-01-01,2019-12-31,False,2026-08-06 01:42:54.905785
480,KH-16330,Coupon,5.0,2019-01-01,2019-12-31,False,2026-08-06 01:42:54.905785
481,JW-15220,Festival,15.0,2019-01-01,2019-12-31,False,2026-08-06 01:42:54.905785
482,CA-12055,Promotional,5.0,2019-01-01,2019-12-31,False,2026-08-06 01:42:54.905785
483,MV-17485,Loyalty,5.0,2019-01-01,2019-12-31,False,2026-08-06 01:42:54.905785
484,TB-21595,Coupon,5.0,2019-01-01,2019-12-31,False,2026-08-06 01:42:54.905785
485,NZ-18565,Promotional,5.0,2019-01-01,2019-12-31,False,2026-08-06 01:42:54.905785
486,NG-18355,Loyalty,5.0,2019-01-01,2019-12-31,False,2026-08-06 01:42:54.905785
487,JJ-15445,Promotional,5.0,2019-01-01,2019-12-31,False,2026-08-06 01:42:54.905785
488,JG-15115,Seasonal,5.0,2019-01-01,2019-12-31,False,2026-08-06 01:42:54.905785
489,PG-18895,Seasonal,5.0,2019-01-01,2019-12-31,False,2026-08-06 01:42:54.905785
490,PO-18865,Loyalty,5.0,2019-01-01,2019-12-31,False,2026-08-06 01:42:54.905785
491,BC-11125,Coupon,5.0,2019-01-01,2019-12-31,False,2026-08-06 01:42:54.905785
492,BF-11215,Promotional,5.0,2019-01-01,2019-12-31,False,2026-08-06 01:42:54.905785
493,NM-18520,Coupon,5.0,2019-01-01,2019-12-31,False,2026-08-06 01:42:54.905785
494,KC-16675,Promotional,5.0,2019-01-01,2019-12-31,False,2026-08-06 01:42:54.905785
495,CC-12100,Coupon,5.0,2019-01-01,2019-12-31,False,2026-08-06 01:42:54.905785
496,SO-20335,Festival,5.0,2019-01-01,2019-12-31,False,2026-08-06 01:42:54.905785
497,FM-14215,Loyalty,5.0,2019-01-01,2019-12-31,False,2026-08-06 01:42:54.905785
498,CA-12310,Loyalty,5.0,2019-01-01,2019-12-31,False,2026-08-06 01:42:54.905785
499,JD-15790,Seasonal,5.0,2019-01-01,2019-12-31,False,2026-08-06 01:42:54.905785
500,FH-14275,Festival,10.0,2019-01-01,2019-12-31,False,2026-08-06 01:42:54.905785
501,BD-11620,Coupon,5.0,2019-01-01,2019-12-31,False,2026-08-06 01:42:54.905785
502,SS-20875,Seasonal,5.0,2019-01-01,2019-12-31,False,2026-08-06 01:42:54.905785
503,RA-19285,Promotional,5.0,2019-01-01,2019-12-31,False,2026-08-06 01:42:54.905785
504,TT-21460,Loyalty,10.0,2019-01-01,2019-12-31,False,2026-08-06 01:42:54.905785
505,GT-14710,Promotional,20.0,2019-01-01,2019-12-31,False,2026-08-06 01:42:54.905785
506,CJ-12010,Festival,20.0,2019-01-01,2019-12-31,False,2026-08-06 01:42:54.905785
507,EB-14110,Festival,5.0,2019-01-01,2019-12-31,False,2026-08-06 01:42:54.905785
508,RF-19735,Festival,5.0,2019-01-01,2019-12-31,False,2026-08-06 01:42:54.905785
509,BD-11500,Festival,10.0,2019-01-01,2019-12-31,False,2026-08-06 01:42:54.905785
510,JF-15565,Coupon,10.0,2019-01-01,2019-12-31,False,2026-08-06 01:42:54.905785
511,SW-20275,Loyalty,5.0,2019-01-01,2019-12-31,False,2026-08-06 01:42:54.905785
512,RW-19690,Festival,5.0,2019-01-01,2019-12-31,False,2026-08-06 01:42:54.905785
513,LP-17080,Promotional,5.0,2019-01-01,2019-12-31,False,2026-08-06 01:42:54.905785
514,CT-11995,Loyalty,5.0,2019-01-01,2019-12-31,False,2026-08-06 01:42:54.905785
515,AB-10255,Seasonal,5.0,2019-01-01,2019-12-31,False,2026-08-06 01:42:54.905785
516,RF-19840,Festival,5.0,2019-01-01,2019-12-31,False,2026-08-06 01:42:54.905785
517,DB-13120,Festival,5.0,2019-01-01,2019-12-31,False,2026-08-06 01:42:54.905785
518,RD-19930,Loyalty,5.0,2019-01-01,2019-12-31,False,2026-08-06 01:42:54.905785
519,SC-20380,Loyalty,10.0,2019-01-01,2019-12-31,False,2026-08-06 01:42:54.905785
520,DJ-13630,Loyalty,5.0,2019-01-01,2019-12-31,False,2026-08-06 01:42:54.905785
521,AT-10435,Festival,5.0,2019-01-01,2019-12-31,False,2026-08-06 01:42:54.905785
522,SC-20050,Festival,10.0,2019-01-01,2019-12-31,False,2026-08-06 01:42:54.905785
523,JL-15835,Coupon,15.0,2019-01-01,2019-12-31,False,2026-08-06 01:42:54.905785
524,FC-14335,Loyalty,5.0,2019-01-01,2019-12-31,False,2026-08-06 01:42:54.905785
525,AR-10405,Seasonal,5.0,2019-01-01,2019-12-31,False,2026-08-06 01:42:54.905785
526,KL-16645,Loyalty,20.0,2019-01-01,2019-12-31,False,2026-08-06 01:42:54.905785
527,RP-19270,Promotional,5.0,2019-01-01,2019-12-31,False,2026-08-06 01:42:54.905785
528,MC-18130,Festival,5.0,2019-01-01,2019-12-31,False,2026-08-06 01:42:54.905785
529,CP-12085,Festival,10.0,2019-01-01,2019-12-31,False,2026-08-06 01:42:54.905785
530,ST-20530,Coupon,5.0,2019-01-01,2019-12-31,False,2026-08-06 01:42:54.905785
531,CY-12745,Coupon,5.0,2019-01-01,2019-12-31,False,2026-08-06 01:42:54.905785
532,CS-12175,Coupon,5.0,2019-01-01,2019-12-31,False,2026-08-06 01:42:54.905785
533,LC-17050,Loyalty,5.0,2019-01-01,2019-12-31,False,2026-08-06 01:42:54.905785
534,SC-20440,Loyalty,5.0,2019-01-01,2019-12-31,False,2026-08-06 01:42:54.905785
535,DA-13450,Seasonal,5.0,2019-01-01,2019-12-31,False,2026-08-06 01:42:54.905785
536,FM-14290,Festival,5.0,2019-01-01,2019-12-31,False,2026-08-06 01:42:54.905785
537,BP-11185,Coupon,5.0,2019-01-01,2019-12-31,False,2026-08-06 01:42:54.905785
538,AH-10210,Promotional,10.0,2019-01-01,2019-12-31,False,2026-08-06 01:42:54.905785
539,BS-11365,Festival,20.0,2019-01-01,2019-12-31,False,2026-08-06 01:42:54.905785
540,SV-20785,Loyalty,10.0,2019-01-01,2019-12-31,False,2026-08-06 01:42:54.905785
541,BE-11410,Promotional,5.0,2019-01-01,2019-12-31,False,2026-08-06 01:42:54.905785
542,AM-10360,Promotional,5.0,2019-01-01,2019-12-31,False,2026-08-06 01:42:54.905785
543,TB-21355,Seasonal,5.0,2019-01-01,2019-12-31,False,2026-08-06 01:42:54.905785
544,AF-10885,Festival,5.0,2019-01-01,2019-12-31,False,2026-08-06 01:42:54.905785
545,MW-18220,Seasonal,10.0,2019-01-01,2019-12-31,False,2026-08-06 01:42:54.905785
546,SF-20065,Seasonal,5.0,2019-01-01,2019-12-31,False,2026-08-06 01:42:54.905785
547,MH-17440,Loyalty,5.0,2019-01-01,2019-12-31,False,2026-08-06 01:42:54.905785
548,AP-10720,Promotional,5.0,2019-01-01,2019-12-31,False,2026-08-06 01:42:54.905785
549,PM-19135,Coupon,10.0,2019-01-01,2019-12-31,False,2026-08-06 01:42:54.905785
550,JL-15175,Festival,5.0,2019-01-01,2019-12-31,False,2026-08-06 01:42:54.905785
551,SC-20575,Coupon,5.0,2019-01-01,2019-12-31,False,2026-08-06 01:42:54.905785
552,BF-11080,Promotional,5.0,2019-01-01,2019-12-31,False,2026-08-06 01:42:54.905785
553,SW-20245,Festival,5.0,2019-01-01,2019-12-31,False,2026-08-06 01:42:54.905785
554,MC-17635,Promotional,5.0,2019-01-01,2019-12-31,False,2026-08-06 01:42:54.905785
555,AC-10450,Festival,10.0,2019-01-01,2019-12-31,False,2026-08-06 01:42:54.905785
556,KM-16375,Festival,10.0,2019-01-01,2019-12-31,False,2026-08-06 01:42:54.905785
557,JB-16000,Loyalty,5.0,2019-01-01,2019-12-31,False,2026-08-06 01:42:54.905785
558,TT-21265,Seasonal,5.0,2019-01-01,2019-12-31,False,2026-08-06 01:42:54.905785
559,JK-15625,Seasonal,5.0,2019-01-01,2019-12-31,False,2026-08-06 01:42:54.905785
560,RM-19375,Coupon,5.0,2019-01-01,2019-12-31,False,2026-08-06 01:42:54.905785
561,HA-14920,Loyalty,5.0,2019-01-01,2019-12-31,False,2026-08-06 01:42:54.905785
562,SV-20935,Festival,5.0,2019-01-01,2019-12-31,False,2026-08-06 01:42:54.905785
563,KH-16510,Loyalty,10.0,2019-01-01,2019-12-31,False,2026-08-06 01:42:54.905785
564,VS-21820,Coupon,5.0,2019-01-01,2019-12-31,False,2026-08-06 01:42:54.905785
565,JM-15655,Coupon,5.0,2019-01-01,2019-12-31,False,2026-08-06 01:42:54.905785
566,PG-18820,Festival,5.0,2019-01-01,2019-12-31,False,2026-08-06 01:42:54.905785
567,TC-20980,Coupon,20.0,2019-01-01,2019-12-31,False,2026-08-06 01:42:54.905785
568,MG-17650,Promotional,5.0,2019-01-01,2019-12-31,False,2026-08-06 01:42:54.905785
569,PN-18775,Festival,5.0,2019-01-01,2019-12-31,False,2026-08-06 01:42:54.905785
570,BM-11575,Coupon,5.0,2019-01-01,2019-12-31,False,2026-08-06 01:42:54.905785
571,DL-13315,Loyalty,5.0,2019-01-01,2019-12-31,False,2026-08-06 01:42:54.905785
572,TB-21625,Promotional,5.0,2019-01-01,2019-12-31,False,2026-08-06 01:42:54.905785
573,MD-17860,Festival,5.0,2019-01-01,2019-12-31,False,2026-08-06 01:42:54.905785
574,VF-21715,Promotional,5.0,2019-01-01,2019-12-31,False,2026-08-06 01:42:54.905785
575,RS-19765,Seasonal,10.0,2019-01-01,2019-12-31,False,2026-08-06 01:42:54.905785
576,BF-11275,Loyalty,5.0,2019-01-01,2019-12-31,False,2026-08-06 01:42:54.905785
577,GM-14680,Coupon,5.0,2019-01-01,2019-12-31,False,2026-08-06 01:42:54.905785
578,LM-17065,Festival,5.0,2019-01-01,2019-12-31,False,2026-08-06 01:42:54.905785
579,EM-13825,Coupon,5.0,2019-01-01,2019-12-31,False,2026-08-06 01:42:54.905785
580,GG-14650,Loyalty,5.0,2019-01-01,2019-12-31,False,2026-08-06 01:42:54.905785
581,GZ-14470,Seasonal,10.0,2019-01-01,2019-12-31,False,2026-08-06 01:42:54.905785
582,KE-16420,Loyalty,5.0,2019-01-01,2019-12-31,False,2026-08-06 01:42:54.905785
583,MS-17770,Promotional,5.0,2019-01-01,2019-12-31,False,2026-08-06 01:42:54.905785
584,GM-14500,Loyalty,5.0,2019-01-01,2019-12-31,False,2026-08-06 01:42:54.905785
585,TH-21115,Loyalty,5.0,2019-01-01,2019-12-31,False,2026-08-06 01:42:54.905785
586,TZ-21580,Loyalty,5.0,2019-01-01,2019-12-31,False,2026-08-06 01:42:54.905785
587,GZ-14545,Festival,5.0,2019-01-01,2019-12-31,False,2026-08-06 01:42:54.905785
588,JR-15700,Coupon,5.0,2019-01-01,2019-12-31,False,2026-08-06 01:42:54.905785
589,IG-15085,Loyalty,5.0,2019-01-01,2019-12-31,False,2026-08-06 01:42:54.905785
590,AO-10810,Promotional,5.0,2019-01-01,2019-12-31,False,2026-08-06 01:42:54.905785
591,BP-11095,Loyalty,5.0,2019-01-01,2019-12-31,False,2026-08-06 01:42:54.905785
592,DL-12865,Coupon,5.0,2019-01-01,2019-12-31,False,2026-08-06 01:42:54.905785
593,JR-16210,Seasonal,5.0,2019-01-01,2019-12-31,False,2026-08-06 01:42:54.905785
594,JM-15250,Promotional,5.0,2019-01-01,2019-12-31,False,2026-08-06 01:42:54.905785
595,LC-16870,Promotional,5.0,2019-01-01,2019-12-31,False,2026-08-06 01:42:54.905785
596,BP-11050,Seasonal,5.0,2019-01-01,2019-12-31,False,2026-08-06 01:42:54.905785
597,CC-12220,Promotional,5.0,2019-01-01,2019-12-31,False,2026-08-06 01:42:54.905785
598,RL-19615,Promotional,10.0,2019-01-01,2019-12-31,False,2026-08-06 01:42:54.905785
599,DK-12835,Loyalty,5.0,2019-01-01,2019-12-31,False,2026-08-06 01:42:54.905785
600,KT-16465,Loyalty,5.0,2019-01-01,2019-12-31,False,2026-08-06 01:42:54.905785
601,MY-18295,Festival,5.0,2019-01-01,2019-12-31,False,2026-08-06 01:42:54.905785
602,MC-17425,Coupon,10.0,2019-01-01,2019-12-31,False,2026-08-06 01:42:54.905785
603,MG-18145,Festival,5.0,2019-01-01,2019-12-31,False,2026-08-06 01:42:54.905785
604,PO-18850,Loyalty,15.0,2019-01-01,2019-12-31,False,2026-08-06 01:42:54.905785
605,SG-20605,Seasonal,5.0,2019-01-01,2019-12-31,False,2026-08-06 01:42:54.905785
606,RO-19780,Festival,5.0,2019-01-01,2019-12-31,False,2026-08-06 01:42:54.905785
607,AS-10225,Coupon,10.0,2019-01-01,2019-12-31,False,2026-08-06 01:42:54.905785
608,CC-12670,Seasonal,5.0,2019-01-01,2019-12-31,False,2026-08-06 01:42:54.905785
609,ER-13855,Coupon,5.0,2019-01-01,2019-12-31,False,2026-08-06 01:42:54.905785
610,BV-11245,Seasonal,5.0,2019-01-01,2019-12-31,False,2026-08-06 01:42:54.905785
611,SU-20665,Promotional,5.0,2019-01-01,2019-12-31,False,2026-08-06 01:42:54.905785
612,CD-11920,Loyalty,5.0,2019-01-01,2019-12-31,False,2026-08-06 01:42:54.905785
613,DR-12940,Promotional,15.0,2019-01-01,2019-12-31,False,2026-08-06 01:42:54.905785
614,YS-21880,Promotional,10.0,2019-01-01,2019-12-31,False,2026-08-06 01:42:54.905785
615,TD-20995,Promotional,5.0,2019-01-01,2019-12-31,False,2026-08-06 01:42:54.905785
616,JH-15430,Coupon,5.0,2019-01-01,2019-12-31,False,2026-08-06 01:42:54.905785
617,AG-10900,Promotional,10.0,2019-01-01,2019-12-31,False,2026-08-06 01:42:54.905785
618,DC-13285,Festival,5.0,2019-01-01,2019-12-31,False,2026-08-06 01:42:54.905785
619,Dl-13600,Coupon,5.0,2019-01-01,2019-12-31,False,2026-08-06 01:42:54.905785
620,TS-21655,Seasonal,5.0,2019-01-01,2019-12-31,False,2026-08-06 01:42:54.905785
621,MA-17995,Loyalty,5.0,2019-01-01,2019-12-31,False,2026-08-06 01:42:54.905785
622,BT-11395,Seasonal,5.0,2019-01-01,2019-12-31,False,2026-08-06 01:42:54.905785
623,VM-21685,Coupon,5.0,2019-01-01,2019-12-31,False,2026-08-06 01:42:54.905785
624,VP-21760,Loyalty,5.0,2019-01-01,2019-12-31,False,2026-08-06 01:42:54.905785
625,NS-18640,Promotional,5.0,2019-01-01,2019-12-31,False,2026-08-06 01:42:54.905785
626,RH-19495,Festival,5.0,2019-01-01,2019-12-31,False,2026-08-06 01:42:54.905785
627,SC-20095,Loyalty,20.0,2019-01-01,2019-12-31,False,2026-08-06 01:42:54.905785
628,JS-15685,Promotional,5.0,2019-01-01,2019-12-31,False,2026-08-06 01:42:54.905785
629,BG-11695,Loyalty,5.0,2019-01-01,2019-12-31,False,2026-08-06 01:42:54.905785
630,DE-13255,Loyalty,5.0,2019-01-01,2019-12-31,False,2026-08-06 01:42:54.905785
631,NF-18385,Seasonal,15.0,2019-01-01,2019-12-31,False,2026-08-06 01:42:54.905785
632,NF-18475,Coupon,5.0,2019-01-01,2019-12-31,False,2026-08-06 01:42:54.905785
633,PB-19105,Loyalty,5.0,2019-01-01,2019-12-31,False,2026-08-06 01:42:54.905785
634,RK-19300,Festival,5.0,2019-01-01,2019-12-31,False,2026-08-06 01:42:54.905785
635,SW-20755,Seasonal,5.0,2019-01-01,2019-12-31,False,2026-08-06 01:42:54.905785
636,DV-13045,Festival,5.0,2019-01-01,2019-12-31,False,2026-08-06 01:42:54.905785
637,SP-20650,Seasonal,5.0,2019-01-01,2019-12-31,False,2026-08-06 01:42:54.905785
638,ED-13885,Promotional,5.0,2019-01-01,2019-12-31,False,2026-08-06 01:42:54.905785
639,PM-18940,Loyalty,5.0,2019-01-01,2019-12-31,False,2026-08-06 01:42:54.905785
640,AG-10300,Festival,5.0,2019-01-01,2019-12-31,False,2026-08-06 01:42:54.905785
641,MO-17500,Seasonal,5.0,2019-01-01,2019-12-31,False,2026-08-06 01:42:54.905785
642,SW-20455,Festival,5.0,2019-01-01,2019-12-31,False,2026-08-06 01:42:54.905785
643,AR-10540,Promotional,10.0,2019-01-01,2019-12-31,False,2026-08-06 01:42:54.905785
644,DK-13150,Promotional,5.0,2019-01-01,2019-12-31,False,2026-08-06 01:42:54.905785
645,CG-12520,Festival,5.0,2019-01-01,2019-12-31,False,2026-08-06 01:42:54.905785
646,TC-21145,Loyalty,5.0,2019-01-01,2019-12-31,False,2026-08-06 01:42:54.905785
647,DR-12880,Festival,10.0,2019-01-01,2019-12-31,False,2026-08-06 01:42:54.905785
648,FO-14305,Coupon,5.0,2019-01-01,2019-12-31,False,2026-08-06 01:42:54.905785
649,AH-10195,Coupon,5.0,2019-01-01,2019-12-31,False,2026-08-06 01:42:54.905785
650,CJ-11875,Promotional,5.0,2019-01-01,2019-12-31,False,2026-08-06 01:42:54.905785
651,KB-16240,Seasonal,5.0,2019-01-01,2019-12-31,False,2026-08-06 01:42:54.905785
652,RR-19525,Loyalty,5.0,2019-01-01,2019-12-31,False,2026-08-06 01:42:54.905785
653,ML-17395,Festival,5.0,2019-01-01,2019-12-31,False,2026-08-06 01:42:54.905785
654,AH-10120,Coupon,5.0,2019-01-01,2019-12-31,False,2026-08-06 01:42:54.905785
655,AB-10165,Coupon,5.0,2019-01-01,2019-12-31,False,2026-08-06 01:42:54.905785
656,GM-14440,Promotional,5.0,2019-01-01,2019-12-31,False,2026-08-06 01:42:54.905785
657,KD-16495,Coupon,15.0,2019-01-01,2019-12-31,False,2026-08-06 01:42:54.905785
658,LR-17035,Festival,5.0,2019-01-01,2019-12-31,False,2026-08-06 01:42:54.905785
659,DL-13495,Promotional,5.0,2019-01-01,2019-12-31,False,2026-08-06 01:42:54.905785
660,SH-20395,Seasonal,5.0,2019-01-01,2019-12-31,False,2026-08-06 01:42:54.905785
661,LC-17140,Loyalty,5.0,2019-01-01,2019-12-31,False,2026-08-06 01:42:54.905785
662,NC-18625,Festival,5.0,2019-01-01,2019-12-31,False,2026-08-06 01:42:54.905785
663,PJ-19015,Seasonal,5.0,2019-01-01,2019-12-31,False,2026-08-06 01:42:54.905785
664,CC-12685,Loyalty,5.0,2019-01-01,2019-12-31,False,2026-08-06 01:42:54.905785
665,NF-18595,Promotional,5.0,2019-01-01,2019-12-31,False,2026-08-06 01:42:54.905785
666,FH-14365,Promotional,10.0,2019-01-01,2019-12-31,False,2026-08-06 01:42:54.905785
667,BH-11710,Coupon,10.0,2019-01-01,2019-12-31,False,2026-08-06 01:42:54.905785
668,MS-17980,Festival,5.0,2019-01-01,2019-12-31,False,2026-08-06 01:42:54.905785
669,RM-19750,Loyalty,5.0,2019-01-01,2019-12-31,False,2026-08-06 01:42:54.905785
670,BD-11770,Seasonal,5.0,2019-01-01,2019-12-31,False,2026-08-06 01:42:54.905785
671,MS-17530,Coupon,5.0,2019-01-01,2019-12-31,False,2026-08-06 01:42:54.905785
672,PH-18790,Seasonal,5.0,2019-01-01,2019-12-31,False,2026-08-06 01:42:54.905785
673,BT-11530,Loyalty,5.0,2019-01-01,2019-12-31,False,2026-08-06 01:42:54.905785
674,NL-18310,Festival,5.0,2019-01-01,2019-12-31,False,2026-08-06 01:42:54.905785
675,AR-10570,Loyalty,5.0,2019-01-01,2019-12-31,False,2026-08-06 01:42:54.905785
676,AS-10630,Loyalty,5.0,2019-01-01,2019-12-31,False,2026-08-06 01:42:54.905785
677,DW-13540,Promotional,5.0,2019-01-01,2019-12-31,False,2026-08-06 01:42:54.905785
678,SV-20815,Promotional,5.0,2019-01-01,2019-12-31,False,2026-08-06 01:42:54.905785
679,AB-10150,Festival,5.0,2019-01-01,2019-12-31,False,2026-08-06 01:42:54.905785
680,AY-10555,Promotional,5.0,2019-01-01,2019-12-31,False,2026-08-06 01:42:54.905785
681,EH-13765,Promotional,15.0,2019-01-01,2019-12-31,False,2026-08-06 01:42:54.905785
682,PJ-18835,Loyalty,5.0,2019-01-01,2019-12-31,False,2026-08-06 01:42:54.905785
683,SS-20590,Seasonal,5.0,2019-01-01,2019-12-31,False,2026-08-06 01:42:54.905785
684,JG-15310,Promotional,5.0,2019-01-01,2019-12-31,False,2026-08-06 01:42:54.905785
685,BE-11335,Festival,10.0,2019-01-01,2019-12-31,False,2026-08-06 01:42:54.905785
686,MS-17365,Coupon,15.0,2019-01-01,2019-12-31,False,2026-08-06 01:42:54.905785
687,PB-19210,Coupon,5.0,2019-01-01,2019-12-31,False,2026-08-06 01:42:54.905785
688,KN-16390,Loyalty,5.0,2019-01-01,2019-12-31,False,2026-08-06 01:42:54.905785
689,CV-12805,Coupon,5.0,2019-01-01,2019-12-31,False,2026-08-06 01:42:54.905785
690,HR-14770,Promotional,5.0,2019-01-01,2019-12-31,False,2026-08-06 01:42:54.905785
691,RB-19795,Loyalty,10.0,2019-01-01,2019-12-31,False,2026-08-06 01:42:54.905785
692,SC-20770,Seasonal,10.0,2019-01-01,2019-12-31,False,2026-08-06 01:42:54.905785
693,VG-21790,Festival,5.0,2019-01-01,2019-12-31,False,2026-08-06 01:42:54.905785
694,DP-13000,Promotional,5.0,2019-01-01,2019-12-31,False,2026-08-06 01:42:54.905785
695,CL-12700,Seasonal,5.0,2019-01-01,2019-12-31,False,2026-08-06 01:42:54.905785
696,LC-16930,Loyalty,10.0,2019-01-01,2019-12-31,False,2026-08-06 01:42:54.905785
697,AB-10015,Loyalty,5.0,2019-01-01,2019-12-31,False,2026-08-06 01:42:54.905785
698,HM-14980,Festival,5.0,2019-01-01,2019-12-31,False,2026-08-06 01:42:54.905785
699,KB-16315,Festival,5.0,2019-01-01,2019-12-31,False,2026-08-06 01:42:54.905785
700,BF-10975,Promotional,5.0,2019-01-01,2019-12-31,False,2026-08-06 01:42:54.905785
701,CS-12250,Coupon,5.0,2019-01-01,2019-12-31,False,2026-08-06 01:42:54.905785
702,NP-18325,Coupon,10.0,2019-01-01,2019-12-31,False,2026-08-06 01:42:54.905785
703,CD-12280,Loyalty,5.0,2019-01-01,2019-12-31,False,2026-08-06 01:42:54.905785
704,LS-17200,Promotional,5.0,2019-01-01,2019-12-31,False,2026-08-06 01:42:54.905785
705,ME-18010,Festival,5.0,2019-01-01,2019-12-31,False,2026-08-06 01:42:54.905785
706,MG-17890,Loyalty,5.0,2019-01-01,2019-12-31,False,2026-08-06 01:42:54.905785
707,TB-21190,Loyalty,5.0,2019-01-01,2019-12-31,False,2026-08-06 01:42:54.905785
708,RD-19900,Coupon,5.0,2019-01-01,2019-12-31,False,2026-08-06 01:42:54.905785
709,HA-14905,Loyalty,5.0,2019-01-01,2019-12-31,False,2026-08-06 01:42:54.905785
710,DS-13180,Promotional,5.0,2019-01-01,2019-12-31,False,2026-08-06 01:42:54.905785
711,TA-21385,Festival,20.0,2019-01-01,2019-12-31,False,2026-08-06 01:42:54.905785
712,MR-17545,Seasonal,5.0,2019-01-01,2019-12-31,False,2026-08-06 01:42:54.905785
713,SS-20515,Coupon,5.0,2019-01-01,2019-12-31,False,2026-08-06 01:42:54.905785
714,PS-18970,Promotional,5.0,2019-01-01,2019-12-31,False,2026-08-06 01:42:54.905785
715,EK-13795,Festival,5.0,2019-01-01,2019-12-31,False,2026-08-06 01:42:54.905785
716,RH-19600,Loyalty,5.0,2019-01-01,2019-12-31,False,2026-08-06 01:42:54.905785
717,TB-21175,Coupon,5.0,2019-01-01,2019-12-31,False,2026-08-06 01:42:54.905785
718,MP-17470,Festival,5.0,2019-01-01,2019-12-31,False,2026-08-06 01:42:54.905785
719,DW-13195,Loyalty,5.0,2019-01-01,2019-12-31,False,2026-08-06 01:42:54.905785
720,RB-19645,Promotional,5.0,2019-01-01,2019-12-31,False,2026-08-06 01:42:54.905785
721,CK-12760,Seasonal,5.0,2019-01-01,2019-12-31,False,2026-08-06 01:42:54.905785
722,MS-17710,Seasonal,5.0,2019-01-01,2019-12-31,False,2026-08-06 01:42:54.905785
723,EB-13840,Loyalty,5.0,2019-01-01,2019-12-31,False,2026-08-06 01:42:54.905785
724,RP-19855,Coupon,5.0,2019-01-01,2019-12-31,False,2026-08-06 01:42:54.905785
725,FA-14230,Festival,5.0,2019-01-01,2019-12-31,False,2026-08-06 01:42:54.905785
726,LW-16990,Coupon,5.0,2019-01-01,2019-12-31,False,2026-08-06 01:42:54.905785
727,TM-21010,Seasonal,5.0,2019-01-01,2019-12-31,False,2026-08-06 01:42:54.905785
728,TC-21535,Loyalty,5.0,2019-01-01,2019-12-31,False,2026-08-06 01:42:54.905785
729,MT-18070,Seasonal,5.0,2019-01-01,2019-12-31,False,2026-08-06 01:42:54.905785
730,MM-18055,Promotional,5.0,2019-01-01,2019-12-31,False,2026-08-06 01:42:54.905785
731,JK-16120,Coupon,5.0,2019-01-01,2019-12-31,False,2026-08-06 01:42:54.905785
732,MK-18160,Seasonal,5.0,2019-01-01,2019-12-31,False,2026-08-06 01:42:54.905785
733,MP-17965,Promotional,5.0,2019-01-01,2019-12-31,False,2026-08-06 01:42:54.905785
734,AF-10870,Festival,5.0,2019-01-01,2019-12-31,False,2026-08-06 01:42:54.905785
735,EB-13750,Seasonal,5.0,2019-01-01,2019-12-31,False,2026-08-06 01:42:54.905785
736,JA-15970,Seasonal,10.0,2019-01-01,2019-12-31,False,2026-08-06 01:42:54.905785
737,TH-21100,Festival,5.0,2019-01-01,2019-12-31,False,2026-08-06 01:42:54.905785
738,AT-10735,Coupon,5.0,2019-01-01,2019-12-31,False,2026-08-06 01:42:54.905785
739,RE-19405,Seasonal,5.0,2019-01-01,2019-12-31,False,2026-08-06 01:42:54.905785
740,SJ-20215,Promotional,5.0,2019-01-01,2019-12-31,False,2026-08-06 01:42:54.905785
741,RB-19360,Coupon,20.0,2019-01-01,2019-12-31,False,2026-08-06 01:42:54.905785
742,AA-10480,Coupon,5.0,2019-01-01,2019-12-31,False,2026-08-06 01:42:54.905785
743,LW-16825,Loyalty,5.0,2019-01-01,2019-12-31,False,2026-08-06 01:42:54.905785
744,AH-10465,Seasonal,5.0,2019-01-01,2019-12-31,False,2026-08-06 01:42:54.905785
745,BS-11380,Seasonal,5.0,2019-01-01,2019-12-31,False,2026-08-06 01:42:54.905785
746,HF-14995,Festival,5.0,2019-01-01,2019-12-31,False,2026-08-06 01:42:54.905785
747,XP-21865,Coupon,5.0,2019-01-01,2019-12-31,False,2026-08-06 01:42:54.905785
748,DK-13375,Promotional,5.0,2019-01-01,2019-12-31,False,2026-08-06 01:42:54.905785
749,JK-16090,Coupon,5.0,2019-01-01,2019-12-31,False,2026-08-06 01:42:54.905785
750,TP-21415,Seasonal,10.0,2019-01-01,2019-12-31,False,2026-08-06 01:42:54.905785
751,GH-14665,Promotional,5.0,2019-01-01,2019-12-31,False,2026-08-06 01:42:54.905785
752,CM-12160,Loyalty,5.0,2019-01-01,2019-12-31,False,2026-08-06 01:42:54.905785
753,AD-10180,Festival,10.0,2019-01-01,2019-12-31,False,2026-08-06 01:42:54.905785
754,DB-12910,Coupon,5.0,2019-01-01,2019-12-31,False,2026-08-06 01:42:54.905785
755,BN-11470,Coupon,5.0,2019-01-01,2019-12-31,False,2026-08-06 01:42:54.905785
756,RA-19885,Loyalty,5.0,2019-01-01,2019-12-31,False,2026-08-06 01:42:54.905785
757,DO-13645,Promotional,5.0,2019-01-01,2019-12-31,False,2026-08-06 01:42:54.905785
758,SC-20020,Coupon,5.0,2019-01-01,2019-12-31,False,2026-08-06 01:42:54.905785
759,KN-16450,Loyalty,5.0,2019-01-01,2019-12-31,False,2026-08-06 01:42:54.905785
760,EB-13975,Coupon,5.0,2019-01-01,2019-12-31,False,2026-08-06 01:42:54.905785
761,DM-13015,Promotional,10.0,2019-01-01,2019-12-31,False,2026-08-06 01:42:54.905785
762,CB-12535,Coupon,10.0,2019-01-01,2019-12-31,False,2026-08-06 01:42:54.905785
763,PF-19225,Promotional,5.0,2019-01-01,2019-12-31,False,2026-08-06 01:42:54.905785
764,KC-16255,Coupon,5.0,2019-01-01,2019-12-31,False,2026-08-06 01:42:54.905785
765,GT-14755,Coupon,5.0,2019-01-01,2019-12-31,False,2026-08-06 01:42:54.905785
766,QJ-19255,Promotional,10.0,2019-01-01,2019-12-31,False,2026-08-06 01:42:54.905785
767,EH-14005,Coupon,5.0,2019-01-01,2019-12-31,False,2026-08-06 01:42:54.905785
768,DJ-13420,Coupon,5.0,2019-01-01,2019-12-31,False,2026-08-06 01:42:54.905785
769,BP-11155,Promotional,5.0,2019-01-01,2019-12-31,False,2026-08-06 01:42:54.905785
770,DP-13390,Festival,10.0,2019-01-01,2019-12-31,False,2026-08-06 01:42:54.905785
771,NB-18580,Coupon,5.0,2019-01-01,2019-12-31,False,2026-08-06 01:42:54.905785
772,ZC-21910,Coupon,15.0,2019-01-01,2019-12-31,False,2026-08-06 01:42:54.905785
773,Dp-13240,Seasonal,15.0,2019-01-01,2019-12-31,False,2026-08-06 01:42:54.905785
774,RH-19510,Festival,10.0,2019-01-01,2019-12-31,False,2026-08-06 01:42:54.905785
775,SP-20620,Coupon,10.0,2019-01-01,2019-12-31,False,2026-08-06 01:42:54.905785
776,KW-16435,Seasonal,10.0,2019-01-01,2019-12-31,False,2026-08-06 01:42:54.905785
777,AH-10585,Loyalty,5.0,2019-01-01,2019-12-31,False,2026-08-06 01:42:54.905785
778,JJ-15760,Seasonal,5.0,2019-01-01,2019-12-31,False,2026-08-06 01:42:54.905785
779,AP-10915,Loyalty,5.0,2019-01-01,2019-12-31,False,2026-08-06 01:42:54.905785
780,NK-18490,Seasonal,5.0,2019-01-01,2019-12-31,False,2026-08-06 01:42:54.905785
781,AJ-10780,Coupon,10.0,2019-01-01,2019-12-31,False,2026-08-06 01:42:54.905785
782,JB-15400,Coupon,5.0,2019-01-01,2019-12-31,False,2026-08-06 01:42:54.905785
783,DM-13525,Loyalty,5.0,2019-01-01,2019-12-31,False,2026-08-06 01:42:54.905785
784,TP-21565,Seasonal,5.0,2019-01-01,2019-12-31,False,2026-08-06 01:42:54.905785
785,DH-13075,Seasonal,5.0,2019-01-01,2019-12-31,False,2026-08-06 01:42:54.905785
786,SW-20350,Promotional,5.0,2019-01-01,2019-12-31,False,2026-08-06 01:42:54.905785
787,MD-17350,Loyalty,5.0,2019-01-01,2019-12-31,False,2026-08-06 01:42:54.905785
788,WB-21850,Seasonal,10.0,2019-01-01,2019-12-31,False,2026-08-06 01:42:54.905785
789,ZD-21925,Festival,5.0,2019-01-01,2019-12-31,False,2026-08-06 01:42:54.905785
790,BG-11035,Festival,5.0,2019-01-01,2019-12-31,False,2026-08-06 01:42:54.905785
791,JF-15190,Festival,5.0,2019-01-01,2019-12-31,False,2026-08-06 01:42:54.905785
792,AR-10825,Coupon,10.0,2019-01-01,2019-12-31,False,2026-08-06 01:42:54.905785
793,HE-14800,Seasonal,5.0,2019-01-01,2019-12-31,False,2026-08-06 01:42:54.905785
